名字,朝向,精装还是简装,挂牌价,成交价,价格,建房时间,成交周期
金沙海棠 2室2厅 87.86平米,东北,精装,1750000,1750000,19919,低楼层(共18层) 2012年建板塔结合,41
锦绣朋城 2室1厅 60.28平米,南,精装,900000,890000,14682,中楼层(共11层) 2004年建塔楼,74
保利金香槟 3室2厅 89.27平米,南,简装,1880000,1880000,21060,中楼层(共18层) 2012年建板塔结合,26
东山国际新城H区二期 2室2厅 71平米,西北,精装,930000,900000,12677,低楼层(共22层) 2015年建塔楼,221
广益小区 2室1厅 94.6平米,南,简装,946000,950000,10000,中楼层(共6层) 2005年建板楼,284
嘉美地 2室2厅 78平米,南,简装,1235000,1240000,15834,高楼层(共24层) 2012年建塔楼,648
嘉云台 2室2厅 116.18平米,西北,简装,1350000,1300000,11190,中楼层(共22层) 2004年建板塔结合,1
蓝光coco金沙二期 3室2厅 75.92平米,南,毛坯,1560000,1520000,20022,中楼层(共22层) 2015年建板塔结合,420
宗申赛纳维二期 1室1厅 49平米,南,精装,340000,340000,6858,低楼层(共12层) 板塔结合,371
首创万卷山 2室1厅 80.8平米,东南,精装,1149000,1140000,14048,低楼层(共34层) 2013年建板塔结合,71
时代悦城 3室1厅 70.46平米,东南,其他,700000,700000,9908,中楼层(共31层) 板塔结合,63
双园巷1号 2室1厅 79.17平米,东 东南,简装,850000,850000,10737,中楼层(共7层) 1994年建板楼,469
朗基少帅府 3室2厅 82.47平米,西南,精装,1250000,1250000,15158,高楼层(共25层) 2018年建板塔结合,35
邦泰华府公馆 3室2厅 77.04平米,南,简装,1080000,1060000,13734,高楼层(共17层) 2016年建板塔结合,11
万科金色城市 2室2厅 71.66平米,东南,精装,1195000,1170000,16258,中楼层(共35层) 2016年建板塔结合,36
华润二十四城七期 4室2厅 136.93平米,东北,毛坯,3000000,2930000,21398,高楼层(共41层) 2019年建板塔结合,224
蓝光coco国际一期 2室1厅 54平米,东南 西,简装,890000,890000,16482,中楼层(共38层) 2016年建板塔结合,55
保利爱尚里 3室2厅 81.35平米,南,毛坯,1040000,1040000,12760,高楼层(共32层) 塔楼,83
润扬观澜鹭岛 3室1厅 72.86平米,东,毛坯,820000,820000,11255,中楼层(共25层) 2016年建塔楼,34
北城新界民族花园 2室1厅 61平米,西南,简装,320000,310000,5082,中楼层(共30层) 板塔结合,157
东立国际花城 2室1厅 88.01平米,北,精装,1080000,1080000,12272,高楼层(共13层) 2015年建板塔结合,649
博海城一期 2室2厅 69.8平米,西,其他,848000,830000,11863,中楼层(共27层) 板塔结合,70
华润橡树湾B区 2室1厅 51.19平米,西 西北,精装,930000,930000,18168,低楼层(共34层) 2013年建板塔结合,24
兴元绿洲一期 1室1厅 44.62平米,东,简装,498000,480000,10713,低楼层(共22层) 2007年建板楼,56
新鸿基悦城 3室1厅 156.83平米,东南,精装,3050000,3020000,19257,低楼层(共32层) 2017年建板塔结合,17
蓝光幸福满庭 3室1厅 69.89平米,西南,精装,1120000,1120000,16026,高楼层(共26层) 2015年建板塔结合,11
天立广场 3室2厅 74.89平米,东南,精装,830000,830000,11017,高楼层(共33层) 2013年建板塔结合,7
中华名园三期C区 3室2厅 89平米,南 北,简装,1570000,1530000,17192,低楼层(共16层) 2010年建板楼,342
马鞍北路46号 3室1厅 85平米,东南,简装,840000,820000,9648,高楼层(共7层) 1990年建板楼,187
美城云庭 2室2厅 94.58平米,东,简装,1610000,1610000,16986,中楼层(共32层) 2014年建板塔结合,424
青南美湾 2室2厅 71.4平米,东,精装,1220000,1200000,16807,低楼层(共24层) 板楼,701
南阳锦城 3室2厅 139.62平米,南 北,精装,1650000,1650000,11818,低楼层(共6层) 2008年建板塔结合,266
优取舍 3室1厅 118.94平米,东南,精装,1188000,1100000,9249,高楼层(共6层) 2007年建板楼,130
华汇天地 3室2厅 100平米,西,精装,1590000,1560000,15600,低楼层(共32层) 板塔结合,181
光华逸家 2室1厅 72平米,南,简装,1500000,1450000,20139,中楼层(共22层) 2014年建板塔结合,69
泰基南棠 2室1厅 74.79平米,东南,精装,1360000,1360000,18185,高楼层(共16层) 2011年建塔楼,198
麦田国际社区 3室2厅 88平米,东南,其他,1050000,1050000,11932,中楼层(共26层) 2016年建板塔结合,73
锦江国际花园 3室1厅 84.2平米,东南,精装,1590000,1590000,18884,中楼层(共34层) 2016年建塔楼,52
恒大雅苑 3室2厅 120.78平米,南,精装,810000,830000,6820,低楼层(共32层) 塔楼,362
红运花园馨苑 2室1厅 60平米,西南,简装,800000,780000,13000,低楼层(共7层) 1998年建板楼,44
蓝润v客尚东一期 4室1厅 94.9平米,东北,精装,1545000,1500000,15807,低楼层(共32层) 板塔结合,20
华裕路9号 2室2厅 83.8平米,东南,毛坯,830000,840000,9936,低楼层(共18层) 塔楼,4
紫竹苑 4室1厅 154.84平米,东南,简装,1700000,1700000,10980,高楼层(共7层) 2001年建板塔结合,247
佰客郡 1室1厅 45.76平米,南,简装,500000,490000,10665,高楼层(共16层) 2011年建塔楼,62
天府豪庭 3室2厅 101.08平米,南,精装,2480000,2480000,24536,低楼层(共39层) 2012年建板塔结合,10
新绿季节 2室2厅 76.61平米,东,精装,1230000,1230000,16056,低楼层(共13层) 2004年建板楼,229
三盛都会城 3室2厅 89.23平米,南 北,精装,950000,950000,10647,中楼层(共18层) 板塔结合,278
南阳盛世 1室1厅 66.37平米,西南,简装,900000,900000,13561,中楼层(共28层) 2011年建板塔结合,30
上池正街93号 1室1厅 34.61平米,东,简装,560000,560000,16181,中楼层(共7层) 1999年建板楼,6
天赐江陵半岛 2室2厅 70.05平米,西北,简装,870000,840000,11963,高楼层(共18层) 塔楼,49
通瑞月光湖 2室1厅 84.3平米,东南,其他,1160000,1120000,13286,高楼层(共26层) 塔楼,136
北欧知识城一期 4室2厅 145.43平米,南,其他,2100000,2100000,14440,低楼层(共6层) 板塔结合,20
海峡新城二期 2室1厅 88.18平米,东南,简装,780000,780000,8846,高楼层(共6层) 2010年建板塔结合,305
天邑宏御花园御苑 3室1厅 120.12平米,南 北,毛坯,1060000,1060000,8825,低楼层(共20层) 2016年建塔楼,576
龙湖世纪峰景 3室2厅 277.54平米,南 东南,毛坯,5108000,5110000,18405,中楼层(共44层) 2011年建板楼,161
曼哈顿一期 2室1厅 95.82平米,南,精装,1375000,1380000,14350,中楼层(共14层) 2003年建板楼,73
华宇阳光水岸 2室1厅 83.57平米,东南,简装,1280000,1270000,15197,高楼层(共21层) 2010年建板塔结合,619
青龙横街37号 3室1厅 118.3平米,东南,精装,1980000,1840000,15546,中楼层(共7层) 1996年建板楼,374
中信未来城南区 2室2厅 79.15平米,南,精装,900000,860000,10803,中楼层(共33层) 2013年建板楼,45
中房学府海棠一期 3室1厅 107.92平米,西北,精装,1175000,1180000,10888,高楼层(共27层) 2013年建板楼,327
锦都 1室0厅 42.94平米,南,简装,1190000,1190000,27714,高楼层(共25层) 2004年建板塔结合,9
福音巷27号 2室1厅 81平米,南,其他,500000,360000,4445,中楼层(共4层) 暂无数据,1
礼顿山1号 3室2厅 125.22平米,东北,精装,3300000,3160000,25236,高楼层(共32层) 2012年建板塔结合,746
保利林语溪二期 3室1厅 68.47平米,南,精装,1030000,1040000,15080,中楼层(共26层) 2017年建板塔结合,18
优品道二期 3室2厅 155.27平米,南 北,简装,4020000,4020000,25891,中楼层(共18层) 2007年建板楼,391
万科理想城 3室2厅 75平米,东北,其他,1180000,1160000,15467,低楼层(共27层) 塔楼,90
学府嘉苑 2室2厅 79.79平米,东 西,精装,890000,890000,11155,低楼层(共6层) 2007年建板楼,9
保利叶语 3室2厅 96.74平米,南,精装,1740000,1800000,18586,低楼层(共32层) 2015年建板塔结合,72
利通出水芙蓉 3室2厅 117.5平米,南,简装,1528000,1530000,13005,中楼层(共6层) 2005年建板楼,160
空港晶座 3室2厅 100.5平米,南,精装,1260000,1240000,12267,低楼层(共24层) 2012年建板楼,19
蛟龙银座 1室1厅 54.32平米,东 东南,精装,565000,570000,10402,低楼层(共18层) 板塔结合,113
朝阳时代西锦 2室2厅 86.6平米,南,简装,880000,880000,10162,中楼层(共33层) 2014年建板塔结合,137
听城 2室1厅 89.02平米,东南,简装,1800000,1800000,20221,高楼层(共25层) 2009年建板塔结合,61
两河锦地 2室1厅 77.97平米,南,简装,975000,980000,12505,高楼层(共18层) 2009年建板楼,191
一里阳光 3室2厅 112.04平米,南,精装,1160000,1150000,10265,中楼层(共32层) 2013年建板塔结合,321
沙河上二期 1室1厅 36.03平米,南,简装,560000,550000,15127,中楼层(共7层) 2013年建板楼,521
天合凯旋港 1室0厅 51.89平米,东南,精装,650000,650000,12527,中楼层(共21层) 2008年建板塔结合,913
蓝光花好月圆 1室1厅 37.48平米,西,简装,420000,410000,10940,高楼层(共11层) 2004年建板塔结合,5
兴元华盛三期 2室1厅 82.24平米,西,精装,1120000,1110000,13437,中楼层(共18层) 2010年建板塔结合,51
东立国际花城 2室2厅 91.03平米,南,简装,1010000,1010000,11085,中楼层(共16层) 2015年建板塔结合,268
建发鹭洲国际 3室2厅 100平米,南,精装,2650000,2600000,26000,高楼层(共32层) 2016年建板塔结合,166
上层建筑 2室2厅 99.42平米,西北,精装,1510000,1470000,14786,低楼层(共27层) 2008年建塔楼,56
南湖国际社区 2室2厅 94.77平米,南 北,精装,1700000,1800000,18994,中楼层(共34层) 2010年建板塔结合,314
公园大道 2室1厅 85平米,南,简装,970000,970000,11412,中楼层(共27层) 2012年建板塔结合,20
蓝光金楠府 3室1厅 83.98平米,西北,精装,1600000,1600000,18993,中楼层(共16层) 2013年建塔楼,24
华润二十四城一期 2室1厅 86.17平米,东,精装,1830000,1830000,21238,高楼层(共32层) 2009年建板塔结合,35
保利西子城 4室2厅 137.7平米,北,其他,1530000,1530000,11112,高楼层(共11层) 板塔结合,30
南城都汇汇朗园五期 3室2厅 89.42平米,南,精装,1870000,1870000,20913,中楼层(共18层) 板楼,21
冠城花园二期 4室2厅 173.57平米,东,精装,3550000,3500000,20165,中楼层(共19层) 2002年建板塔结合,230
蓝光富丽花城 2室2厅 59.03平米,北,精装,945000,950000,16009,中楼层(共18层) 2008年建板塔结合,8
天誉花园 2房间1卫 43.26平米,西南,精装,640000,640000,14795,中楼层(共26层) 2016年建板塔结合,176
西蜀尚都 3室1厅 118平米,南,毛坯,1060000,1040000,8772,中楼层(共33层) 2010年建塔楼,345
航天南区 2室1厅 67.82平米,南,精装,535000,540000,7889,高楼层(共7层) 板楼,14
国栋南园五星城 2室2厅 75.62平米,南,精装,830000,820000,10778,中楼层(共17层) 2010年建板楼,105
锦卉苑 4室2厅 163.55平米,南,精装,1950000,1950000,11923,中楼层(共7层) 2000年建板楼,77
汇融云庭 2室1厅 78.11平米,东南,简装,1060000,1060000,13571,高楼层(共31层) 2009年建板塔结合,140
崇兴小区 2室2厅 63.51平米,东,简装,415000,410000,6456,高楼层(共7层) 2000年建板楼,20
蓝光锦绣城二期 2室1厅 80.89平米,东南,精装,1390000,1390000,17184,高楼层(共28层) 板塔结合,389
卓锦城六期 3室2厅 88.41平米,南,精装,2080000,2050000,23188,中楼层(共31层) 2014年建板塔结合,25
富力桃园B区 2室1厅 85.13平米,北,精装,920000,920000,10808,低楼层(共32层) 2015年建板塔结合,16
清凤时代城 3室2厅 99.58平米,北,简装,2110000,2110000,21189,低楼层(共32层) 2016年建板塔结合,23
新加坡花园 2室2厅 79.12平米,北,精装,1500000,1500000,18959,高楼层(共11层) 2002年建板楼,45
嘉美华凯 2室1厅 77.01平米,东,简装,870000,870000,11298,中楼层(共18层) 2011年建板塔结合,6
蓝润锦江春天 2房间1卫 54.28平米,西北,其他,616000,620000,11349,中楼层(共20层) 板塔结合,194
交大北园 2室1厅 54平米,南,其他,600000,600000,11112,中楼层(共7层) 1998年建板楼,53
幸福里 1室2厅 47平米,东,毛坯,550000,540000,11490,高楼层(共11层) 2010年建塔楼,64
合能耀之城 2室1厅 47.3平米,东,其他,70000,70000,1480,中楼层(共29层) 2010年建板塔结合,1
金沙柏林郡 2室1厅 55.79平米,西南,精装,960000,960000,17208,高楼层(共25层) 2013年建板塔结合,252
宗申赛纳维 1室1厅 36.75平米,南,简装,264000,270000,7157,高楼层(共12层) 板塔结合,443
融创四海逸家 4室1厅 124.39平米,西南,毛坯,4200000,4160000,33404,低楼层(共40层) 2015年建板楼,13
中海锦城二期 3室2厅 111平米,南,精装,2580000,2520000,22703,中楼层(共14层) 2012年建板楼,18
人民中路一段6号 2室1厅 59.82平米,西北,简装,2070000,2070000,34604,中楼层(共7层) 平房,16
珠江克莱公寓 4房间1卫 78.27平米,东北,简装,600000,600000,7666,低楼层(共31层) 2009年建板塔结合,394
天来国际文化广场 3室2厅 121.46平米,东南 南,精装,1300000,1300000,10704,中楼层(共33层) 2013年建板塔结合,25
金彭西路402号 3室2厅 124.4平米,东北,简装,566000,570000,4517,高楼层(共4层) 暂无数据,12
向阳名居 3室2厅 123.72平米,东 西,毛坯,1300000,1300000,10492,高楼层(共6层) 2002年建板楼,412
玉洁东街4号 2室1厅 65平米,北,简装,861000,870000,13247,中楼层(共7层) 1998年建板楼,14
大墙西街58号 3室1厅 71.38平米,东 西,毛坯,950000,940000,13169,中楼层(共6层) 板楼,22
澜溪郡 3室2厅 114平米,南 北,毛坯,1200000,1180000,10351,中楼层(共17层) 板楼,13
海亮爱金沙 3室2厅 68.81平米,东南,精装,1300000,1300000,18893,低楼层(共22层) 2016年建板塔结合,50
星岛星时区 3室2厅 112.69平米,东南,精装,770000,750000,6656,中楼层(共11层) 暂无数据,149
麓山国际SOLO公寓 1室0厅 45平米,东南,简装,660000,660000,14667,中楼层(共10层) 2014年建塔楼,63
中洲・中央公园 3室2厅 124.66平米,东南,毛坯,1200000,1220000,9723,低楼层(共24层) 2016年建板楼,59
中铁西郡英华二期 3室2厅 90.08平米,东南,毛坯,900000,900000,9992,高楼层(共31层) 2013年建板塔结合,238
嘉通云玺 2室2厅 68.25平米,东南,精装,690000,690000,10110,高楼层(共24层) 2016年建塔楼,24
万科第五城 3室2厅 91.36平米,东,精装,1350000,1350000,14777,低楼层(共27层) 板塔结合,202
中铁银杏广场 3室1厅 79.24平米,东南,毛坯,820000,820000,10349,低楼层(共25层) 塔楼,35
泉水人家二期A区 2室2厅 78平米,南,简装,840000,840000,10768,高楼层(共16层) 2010年建板楼,330
九里园 4室2厅 125.87平米,南 北,简装,1520000,1490000,11838,低楼层(共7层) 1998年建板楼,65
公园大道 3室1厅 101.92平米,西北,毛坯,1200000,1200000,11774,中楼层(共13层) 2012年建板塔结合,782
恩威玲珑南域 2室1厅 87.18平米,东北,其他,1380000,1380000,15807,低楼层(共16层) 2011年建板楼,2
南玻公寓 3室2厅 114平米,西南,简装,1250000,1200000,10527,中楼层(共7层) 板楼,22
凯德风尚 4室2厅 144.5平米,东,毛坯,3730000,3730000,25814,高楼层(共18层) 2012年建板塔结合,87
金秋乐园一期 1室0厅 38.08平米,东 南,简装,210000,210000,5515,中楼层(共4层) 板楼,261
鑫苑名家一期 3室1厅 78.64平米,东北,精装,1310000,1300000,16532,高楼层(共34层) 2011年建板塔结合,87
洲际亚洲湾B区 3室1厅 98.96平米,北,毛坯,1110000,1110000,11217,低楼层(共32层) 2017年建板塔结合,66
绿地城 3室1厅 86.4平米,东南,精装,1220000,1220000,14121,低楼层(共33层) 2016年建板塔结合,10
翰林上岛 2室1厅 67.81平米,西,简装,838000,830000,12211,低楼层(共16层) 2008年建塔楼,23
华侨城原岸 3室1厅 105.37平米,北,其他,1745000,1730000,16371,高楼层(共34层) 2015年建板塔结合,6
华润银杏华庭 5室3厅 137.8平米,南 北,毛坯,4200000,3860000,28012,高楼层(共6层) 2012年建板塔结合,30
佳兆业广场 3室2厅 86.85平米,南,精装,1550000,1520000,17502,低楼层(共15层) 板塔结合,166
粼江峰阁 2室1厅 102.61平米,西南,精装,2280000,2280000,22221,高楼层(共31层) 2006年建板塔结合,218
金恒德时代金悦 3室2厅 84.33平米,东南,精装,1218000,1220000,14444,高楼层(共28层) 板塔结合,46
欣民苑 2室2厅 84.02平米,南 北,简装,1070000,1070000,12736,高楼层(共7层) 2001年建板楼,162
丽景苑 2室1厅 74.52平米,南,简装,930000,930000,12480,低楼层(共11层) 2014年建塔楼,425
海上海南苑 3室2厅 89.58平米,东北,精装,1780000,1780000,19871,低楼层(共32层) 2015年建塔楼,197
东景康庭 2室1厅 77.06平米,西,精装,860000,830000,10745,低楼层(共6层) 板楼,19
恒大城三期 3室1厅 123.68平米,东北,精装,1575000,1580000,12735,高楼层(共30层) 2013年建板塔结合,76
建川梦追湾公馆 2室2厅 95.71平米,东南,简装,1660000,1630000,17031,低楼层(共11层) 2007年建板楼,70
银泰香樟林 3室2厅 109.09平米,南,毛坯,2400000,2400000,22001,高楼层(共17层) 2014年建板楼,67
漫岭云天 2室2厅 83.3平米,东南 南,简装,1175000,1180000,14106,中楼层(共33层) 2008年建塔楼,344
郭家桥北街10号 3室1厅 82.91平米,南,精装,1300000,1290000,15499,高楼层(共7层) 1994年建板塔结合,213
弗客城 2室1厅 84.27平米,东南,精装,1080000,1060000,12579,中楼层(共18层) 2011年建板塔结合,60
优客联邦三期 3室1厅 111.81平米,西北,精装,2500000,2550000,22807,低楼层(共18层) 2012年建板楼,160
上品金沙 车位,东,其他,125000,130000,2842,地下室(共1层) 板塔结合,4
玉虹巷2号 2室1厅 82.38平米,南,简装,965000,970000,11715,中楼层(共7层) 1995年建板楼,190
南阳锦城 3室1厅 137.54平米,南,其他,1850000,1850000,13451,低楼层(共6层) 2008年建板塔结合,6
国宾时光汇 2室2厅 78.4平米,南,简装,1180000,1120000,14286,中楼层(共22层) 2015年建塔楼,706
雄飞新园紫郡 3室2厅 83.74平米,南 北,毛坯,1375000,1380000,16420,高楼层(共16层) 2015年建板塔结合,256
卡斯摩广场 2室1厅 66.26平米,东,精装,1005000,1000000,15093,低楼层(共33层) 2012年建板塔结合,188
公园世家 3室2厅 86.98平米,东,精装,780000,770000,8853,高楼层(共25层) 板塔结合,32
东方花园(成华) 2室2厅 90.69平米,南,简装,1680000,1680000,18525,低楼层(共11层) 2003年建板楼,321
洲际亚洲湾B区 4室2厅 122.87平米,东南 南,简装,1420000,1420000,11557,中楼层(共32层) 2017年建塔楼,293
财富中心 1室1厅 47.92平米,东南,简装,1699000,1690000,35268,高楼层(共30层) 2005年建板塔结合,39
中德・英伦世邦F区 2室2厅 90.72平米,北,毛坯,1490000,1470000,16204,低楼层(共30层) 2017年建板塔结合,172
置信逸景苑 4室2厅 106.25平米,东南,精装,1100000,1080000,10165,中楼层(共32层) 板塔结合,37
澳龙名城 1室1厅 46.86平米,东北,精装,1150000,1140000,24243,高楼层(共19层) 2009年建板楼,38
映日荷花 2室1厅 55.43平米,东南,毛坯,720000,720000,12990,高楼层(共23层) 2009年建板塔结合,55
望江橡树林一期 3室2厅 124.21平米,东,精装,2980000,2980000,23992,高楼层(共33层) 2009年建板塔结合,41
枫丹铂麓 3室1厅 83.58平米,南,精装,1500000,1450000,17349,中楼层(共33层) 2017年建板塔结合,83
天乐嘉苑 2室1厅 101.28平米,西北,精装,1610000,1610000,15897,低楼层(共16层) 2004年建板楼,14
麓山国际茵特拉肯A 3室2厅 128平米,南,毛坯,2370000,2370000,18516,高楼层(共11层) 2016年建板楼,25
西区花园水云庭 3室2厅 123.43平米,北 南,精装,1250000,1270000,10290,中楼层(共6层) 2007年建板楼,178
光荣北路77号 1室1厅 36.63平米,东南,简装,400000,400000,10904,中楼层(共6层) 1995年建板楼,280
恒大名都 1室1厅 50.76平米,东,精装,900000,870000,17140,中楼层(共32层) 2012年建塔楼,16
金科天籁城 3室2厅 104.76平米,东南,精装,1880000,1880000,17946,中楼层(共11层) 板塔结合,307
翰林上岛 3室2厅 110.07平米,东,精装,1550000,1300000,11811,低楼层(共16层) 2008年建塔楼,53
水木光华 3室2厅 82平米,南,精装,1530000,1530000,18659,中楼层(共6层) 2004年建板楼,50
曼哈顿一期 1室1厅 48.03平米,南,精装,600000,600000,12493,中楼层(共14层) 2003年建板楼,194
文化公寓(武侯) 2室2厅 84.96平米,西,精装,859000,860000,10109,高楼层(共7层) 2001年建板楼,82
南方半岛花园 3室2厅 91.73平米,西北,精装,1180000,1180000,12864,高楼层(共6层) 2000年建板楼,157
龙江电信公寓 3室2厅 126.57平米,东南 西北,精装,2070000,2070000,16355,高楼层(共23层) 2002年建塔楼,81
锦绣东方二期 2室1厅 68.22平米,南,简装,1060000,1060000,15538,高楼层(共33层) 2008年建板楼,11
澳深花园 4室2厅 144.03平米,南,精装,1820000,1690000,11720,低楼层(共7层) 2001年建板楼,159
长久一巷19号 2室1厅 74.24平米,东南,精装,930000,930000,12527,中楼层(共7层) 1998年建板楼,23
蒂梵尼TOWN 2室1厅 82.36平米,北,简装,1500000,1470000,17825,高楼层(共25层) 2017年建板塔结合,74
保利林语溪二期 3室1厅 78.4平米,南,精装,1220000,1220000,15562,中楼层(共27层) 2017年建板塔结合,15
上游小区南区 2室1厅 72.11平米,南,简装,445000,440000,6014,低楼层(共11层) 板塔结合,21
昊园江南壹品 3室1厅 77平米,西,毛坯,750000,750000,9741,高楼层(共29层) 2015年建板楼,188
四季康城 3室2厅 89.77平米,东南,精装,1200000,1200000,13368,高楼层(共34层) 2013年建板塔结合,383
祥域 3室1厅 89平米,西南,精装,2200000,2160000,24270,中楼层(共26层) 2009年建塔楼,5
保利海棠花语 4室2厅 109.84平米,西南,精装,1600000,1600000,14567,低楼层(共15层) 2014年建板塔结合,174
皇冠国际社区二期 2室1厅 92.45平米,南,简装,1400000,1400000,15144,高楼层(共27层) 2015年建塔楼,165
南城都汇汇尚园 2室2厅 88.28平米,南,毛坯,1918000,1920000,21727,低楼层(共22层) 2014年建板塔结合,1262
蒂梵尼TOWN 2室2厅 79.01平米,东,精装,1548000,1550000,19593,高楼层(共34层) 2017年建板塔结合,116
保利香槟国际 2房间1卫 41.34平米,南,其他,480000,480000,11491,高楼层(共9层) 2013年建板楼,62
揽山墅 3室2厅 93.77平米,南,毛坯,1180000,1180000,12531,低楼层(共3层) 塔楼,177
南阳锦城晶品 1室1厅 52.3平米,东 西,精装,990000,970000,18547,高楼层(共24层) 2012年建塔楼,25
三强西路239号 2室1厅 65.21平米,西北,精装,468000,460000,7055,中楼层(共6层) 板楼,34
雄飞生活广场 2室2厅 80.48平米,北,毛坯,870000,870000,10811,高楼层(共34层) 2018年建板塔结合,84
合能四季城二期 3室2厅 94.38平米,西北,精装,1360000,1330000,14018,高楼层(共28层) 2013年建板塔结合,55
时尚星座 2室1厅 67平米,东南,精装,720000,710000,10598,低楼层(共10层) 2003年建塔楼,435
恒大天府半岛 3室2厅 148.19平米,西南 东北,毛坯,2760000,2680000,18085,高楼层(共33层) 2017年建塔楼,293
合能珍宝琥珀 2室1厅 67.71平米,北,简装,864000,870000,12761,中楼层(共34层) 2014年建板塔结合,61
华侨凤凰国际城 车位,东,其他,70000,80000,3089,地下室 暂无数据,23
抚琴西南路4号 2室1厅 61.34平米,西南,精装,650000,650000,10597,高楼层(共7层) 1998年建板楼,7
北欧知识城一期 3室1厅 102.54平米,东,精装,1180000,1180000,11508,高楼层(共33层) 2014年建板塔结合,311
两河锦地 2室1厅 79.14平米,西北,精装,938000,940000,11853,低楼层(共18层) 2009年建板楼,371
南湖国际社区 2室1厅 84.28平米,西,毛坯,1535000,1540000,18214,低楼层(共34层) 2010年建板塔结合,167
蓝光云鼎 1室1厅 48.08平米,东北,其他,960000,940000,19551,高楼层(共31层) 2012年建板塔结合,52
西班牙森林二期 2室2厅 75.8平米,北,简装,920000,910000,12006,中楼层(共34层) 2014年建板塔结合,27
龙门镇二期 2室2厅 81.2平米,北,精装,1450000,1450000,17858,中楼层(共33层) 2013年建塔楼,19
润和原筑 1室1厅 64.22平米,南,精装,780000,780000,12146,低楼层(共19层) 2007年建板楼,311
北湖龙郡 2室1厅 82.52平米,东南,简装,1012000,1020000,12264,中楼层(共33层) 板塔结合,31
齐力花园 4室2厅 229.84平米,东南,精装,2975000,2980000,12944,高楼层(共6层) 2002年建板楼,781
正成名城左岸 3室2厅 119.54平米,东南,简装,1090000,1080000,9035,高楼层(共26层) 2008年建板塔结合,66
兴元华盛三期 3室1厅 101.9平米,南,精装,1445000,1410000,13838,低楼层(共18层) 2010年建板塔结合,233
同发苑 2室1厅 84平米,东南,简装,606000,600000,7143,中楼层(共6层) 2000年建板楼,75
世茂城一期 4室2厅 123.18平米,东,精装,1850000,1850000,15019,中楼层(共24层) 板楼,9
南湖国际社区 2室2厅 84.41平米,西南,精装,1650000,1600000,18956,高楼层(共34层) 2010年建板塔结合,21
中冶堰景 3室2厅 99.8平米,东南,精装,855000,840000,8397,低楼层(共9层) 2012年建板楼,89
中铁二局玛塞城 3室2厅 85.13平米,西南,精装,1830000,1830000,21497,高楼层(共33层) 2015年建塔楼,74
梓桐苑 2室2厅 92.07平米,南,简装,1160000,1160000,12600,中楼层(共7层) 2002年建板楼,43
泰康东路30号 3室2厅 95.1平米,东南,简装,690000,660000,6941,中楼层(共7层) 2000年建板楼,21
陕西街29号 2室0厅 48.17平米,东,简装,700000,700000,14532,中楼层(共6层) 1995年建板楼,601
自由星城一期 2室2厅 82.32平米,南,精装,1350000,1310000,15914,高楼层(共6层) 2004年建板楼,218
天府逸家二期 3室1厅 80.45平米,西南,毛坯,1150000,1140000,14146,高楼层(共44层) 2016年建板塔结合,66
雄飞生活广场 3室1厅 90.54平米,东南 西,简装,1135000,1140000,12536,高楼层(共37层) 2017年建板塔结合,158
78号观邸 2室2厅 100.48平米,东南,精装,2520000,2450000,24383,低楼层(共32层) 2009年建板楼,34
大成郡 2室2厅 86平米,南,精装,1150000,1140000,13256,中楼层(共14层) 2015年建板楼,426
新巢小区二期 1室1厅 65.63平米,西南,精装,720000,730000,11123,中楼层(共7层) 2005年建板楼,299
优品道四期曦岸 3室2厅 90.97平米,南 北,毛坯,3120000,3050000,33473,低楼层(共31层) 2013年建板塔结合,29
卓锦城二期 2室2厅 94.41平米,西南,简装,1490000,1450000,15347,高楼层(共12层) 2008年建板塔结合,143
天空城 2室2厅 87.65平米,西北,简装,1288000,1290000,14695,低楼层(共32层) 2010年建板塔结合,230
傲城 2室1厅 70.27平米,东北,精装,1028000,1030000,14630,中楼层(共31层) 2015年建板塔结合,59
棕南西街1号 2室1厅 77平米,东南,精装,1080000,1080000,14026,中楼层(共7层) 1996年建板楼,18
锦西花园一期 2室2厅 90.54平米,东,精装,1060000,1060000,11708,中楼层(共7层) 2000年建板楼,153
金鱼街1号 2室1厅 68.91平米,东南,简装,790000,790000,11465,中楼层(共6层) 1992年建板楼,23
凯德世纪名邸 4室1厅 113.55平米,南,精装,3780000,3780000,33290,高楼层(共21层) 2016年建板塔结合,75
万锦城 2室2厅 67.1平米,北,精装,1110000,1110000,16543,低楼层(共34层) 2016年建板塔结合,26
长荣苑 1室1厅 45.82平米,东南,简装,600000,580000,12659,低楼层(共6层) 2001年建板楼,15
润禾花园 3室1厅 88.31平米,北,精装,1170000,1170000,13249,中楼层(共18层) 2013年建塔楼,54
华润橡树湾A区 3室2厅 79平米,西北,精装,1177000,1180000,14899,低楼层(共34层) 2013年建板塔结合,56
锦馨家园B区 2室2厅 84.85平米,北,简装,980000,980000,11550,低楼层(共18层) 2000年建板塔结合,19
时代尊城 3室1厅 113.06平米,南,精装,2750000,2700000,23882,低楼层(共16层) 2007年建板塔结合,139
一品天下C区 2室1厅 80.68平米,西北,精装,1250000,1190000,14735,中楼层(共9层) 2007年建塔楼,54
空港十六区 2室2厅 88.05平米,南,简装,966000,970000,10972,中楼层(共17层) 2009年建板塔结合,135
珠江国际花园 3室2厅 121.88平米,东南,精装,1630000,1630000,13333,中楼层(共32层) 2009年建板塔结合,777
新界五期 1室1厅 54.94平米,东北,精装,892000,870000,15836,高楼层(共6层) 2014年建塔楼,169
蓝光花满庭二期 3室2厅 66.86平米,南,精装,920000,880000,13162,高楼层(共34层) 塔楼,213
长虹和悦府 3室2厅 75.58平米,西南,精装,1700000,1680000,22229,中楼层(共20层) 2015年建板塔结合,357
丽舍滨江 1室0厅 50.56平米,东南,简装,785000,790000,15527,高楼层(共10层) 2006年建塔楼,284
融创凯旋东岸 3室2厅 78.54平米,东,精装,1030000,970000,12262,低楼层(共33层) 塔楼,3
东方丽苑 2室1厅 70.08平米,东,简装,840000,820000,11701,高楼层(共29层) 板塔结合,34
华银美景 2室1厅 68.47平米,西,简装,1000000,1000000,14605,低楼层(共18层) 2010年建板塔结合,17
现代生态水城 3室2厅 117.5平米,西南,精装,780000,750000,6354,低楼层(共32层) 暂无数据,173
九里欣居 3室2厅 92.91平米,东,简装,1100000,1100000,11840,中楼层(共7层) 2003年建板楼,142
青城24院 3室1厅 90平米,东,精装,790000,770000,8545,低楼层(共6层) 2007年建板楼,81
西城角巷13号 3室2厅 107.41平米,南,精装,1718000,1700000,15800,中楼层(共7层) 1993年建板塔结合,40
西城御景 3室2厅 88.13平米,东南,精装,1040000,1040000,11800,中楼层(共25层) 2015年建板塔结合,167
金茂悦龙山 3室2厅 88.93平米,南,精装,1420000,1410000,15856,中楼层(共33层) 2017年建板塔结合,51
锦江城市花园三期 2室1厅 54.25平米,南 北,精装,1000000,1000000,18342,高楼层(共34层) 2011年建板塔结合,71
宏达世纪锦城 2室1厅 83.69平米,西北,简装,1475000,1480000,17625,低楼层(共32层) 2012年建塔楼,77
保利香槟光华 4室2厅 99.36平米,南,精装,2605000,2610000,26218,高楼层(共21层) 2014年建板楼,62
东晶丽苑 2室1厅 76.34平米,东,其他,1075000,1080000,14082,低楼层(共16层) 2006年建板楼,24
边城香格里 3室2厅 130.97平米,南,毛坯,1600000,1550000,11835,中楼层(共6层) 2011年建板塔结合,610
御富风景 1室1厅 52.82平米,东 东北,简装,380000,380000,7195,中楼层(共32层) 2012年建板塔结合,172
合能锦城 2室1厅 64平米,西北,其他,1220000,1190000,18516,中楼层(共32层) 2015年建塔楼,92
中铁丽景书香 3室2厅 87.81平米,东北,精装,1100000,1080000,12300,低楼层(共33层) 2016年建板塔结合,198
汉嘉国际 3室2厅 114.59平米,南,毛坯,1450000,1430000,12480,高楼层(共33层) 2018年建板塔结合,9
华裕路9号 1室1厅 51.5平米,南,精装,520000,520000,10098,高楼层(共18层) 2015年建塔楼,28
澳林春天 2室1厅 88.04平米,西南,简装,1080000,1080000,12268,中楼层(共23层) 2009年建板塔结合,239
大庆路82号 3室2厅 102.13平米,南,精装,1360000,1360000,13317,低楼层(共7层) 2000年建板楼,278
龙湖时代天街 4房间1卫 87.09平米,东南,精装,500000,500000,5739,中楼层(共30层) 2015年建板塔结合,9
人居锦尚春天B区 2室2厅 84平米,西北,简装,1080000,1080000,12858,高楼层(共41层) 2013年建塔楼,396
海棠园 2室1厅 70.33平米,西南,其他,530000,530000,7465,低楼层(共6层) 2010年建暂无数据,1
华润二十四城七期 3室1厅 103.32平米,西南,毛坯,2390000,2390000,23133,高楼层(共43层) 2018年建板塔结合,177
南湖逸家二期 3室1厅 66.09平米,西,毛坯,1180000,1180000,17855,低楼层(共33层) 2017年建板塔结合,37
明信仕林府 3室1厅 84.13平米,北,精装,1080000,1080000,12838,中楼层(共26层) 2016年建板塔结合,108
中海城南一号一期 3室1厅 89.66平米,东,精装,3850000,3820000,42606,高楼层(共23层) 2012年建板塔结合,9
阳曦芙蓉城 2室1厅 88.52平米,西北 东南,简装,1580000,1580000,17850,高楼层(共27层) 2009年建板塔结合,226
保利玫瑰花语 3室2厅 85.32平米,西南,精装,1410000,1410000,16527,低楼层(共32层) 塔楼,52
俊发星雅俊园 车位,东,其他,100000,100000,2851,地下室 塔楼,16
碧桂园城市花园 2室2厅 73平米,西,其他,975000,980000,13357,低楼层(共29层) 暂无数据,62
时尚星座 1室0厅 42.7平米,东南,毛坯,430000,420000,9837,中楼层(共10层) 2003年建塔楼,40
佳兆业丽晶港 3室2厅 84.7平米,东北,毛坯,1280000,1280000,15113,低楼层(共33层) 2012年建板塔结合,789
金恒德时代金悦 3室2厅 81.29平米,西北,精装,1080000,1080000,13286,中楼层(共31层) 板塔结合,25
金科一城 2室1厅 67平米,北,简装,1050000,1050000,15672,中楼层(共20层) 2011年建塔楼,32
阳光100米娅中心一期 1室1厅 41.69平米,东,精装,765000,770000,18350,高楼层(共32层) 2012年建板塔结合,24
天立广场 4房间1卫 73平米,东,其他,762000,770000,10439,低楼层(共33层) 2013年建板塔结合,128
华银美景 2室1厅 68.47平米,西,简装,1050000,1050000,15336,中楼层(共18层) 2010年建板塔结合,243
百寿路7号 2室1厅 70.8平米,南 北,简装,830000,830000,11724,中楼层(共6层) 1997年建板楼,4
九里堤北路40号院 1室1厅 44.11平米,西南,精装,430000,430000,9749,中楼层(共7层) 2002年建板楼,270
书香府邸 1室1厅 66.24平米,西南,简装,750000,750000,11323,高楼层(共16层) 2009年建板塔结合,324
培风小区80号 2室2厅 74.71平米,西,精装,900000,880000,11779,高楼层(共6层) 2006年建塔楼,191
城市博客C城 1室1厅 50.79平米,西,简装,800000,790000,15555,高楼层(共34层) 2010年建塔楼,14
中国铁建国际城 2室1厅 85.03平米,东南,简装,1060000,1030000,12114,低楼层(共34层) 2015年建塔楼,55
首航欣程 3室1厅 88平米,东北,精装,2230000,2230000,25341,低楼层(共29层) 2014年建板塔结合,130
西郡香林 2室1厅 54平米,西南,精装,980000,970000,17963,高楼层(共11层) 2006年建板楼,29
花间兰庭 2室2厅 74.06平米,南,精装,1550000,1470000,19782,低楼层(共14层) 2009年建板楼,35
碧桂园城市花园 3室2厅 102.83平米,东,精装,1250000,1250000,12156,低楼层(共29层) 2018年建板楼,205
万树森林二期 2室1厅 68.71平米,东南,精装,712000,720000,10363,中楼层(共12层) 2008年建板塔结合,263
清水路苑 3室2厅 89.46平米,北,简装,1180000,1150000,12855,低楼层(共18层) 2012年建板楼,11
省公安厅宿舍 3室2厅 123.31平米,南,精装,1500000,1500000,12165,中楼层(共7层) 2000年建板楼,301
天海花园 3室1厅 134平米,东南,精装,830000,750000,5529,低楼层(共5层) 1995年建板楼,26
恒大都汇华庭 1室1厅 79.15平米,东南 南,精装,2350000,2350000,29691,高楼层(共50层) 2015年建塔楼,75
春天大道 车位,东,毛坯,135000,140000,5670,地下室 板塔结合,233
锦江国际花园 3室2厅 84.69平米,东南,精装,1626000,1630000,19200,高楼层(共34层) 2016年建塔楼,24
中加水岸 3室2厅 97.27平米,南,简装,1940000,1900000,19534,低楼层(共33层) 2016年建塔楼,48
中信未来城北区 3室2厅 105.34平米,西北,简装,1150000,1150000,10918,低楼层(共33层) 2013年建塔楼,308
兴元嘉园 3室2厅 122.64平米,南,精装,1450000,1450000,11824,中楼层(共9层) 2005年建板楼,32
千禧河畔C区 3室2厅 87.03平米,南,精装,1460000,1460000,16776,中楼层(共33层) 板塔结合,5
正成名城左岸 2室0厅 56.64平米,西南,简装,405000,410000,7151,中楼层(共22层) 2008年建板塔结合,41
竹韵天府 2室2厅 78.48平米,东,简装,1050000,1010000,12870,高楼层(共11层) 2004年建板楼,30
君临天下 5室2厅 282.37平米,东南,毛坯,4250000,4180000,14804,低楼层(共1层) 2004年建塔楼,55
金沙顺苑 3室2厅 132.25平米,东南,简装,2900000,2930000,22156,低楼层(共12层) 2008年建板塔结合,458
美城悦荣府 2室1厅 64.9平米,北,简装,1430000,1400000,21572,高楼层(共34层) 2017年建板塔结合,22
中铁骑士府邸 3室1厅 90.55平米,西北,毛坯,1480000,1470000,16235,高楼层(共32层) 2017年建板塔结合,45
新城市广场 2室1厅 65.96平米,东南,简装,1420000,1430000,21680,高楼层(共30层) 2003年建板塔结合,268
时代睿城 3室2厅 80.8平米,东南,精装,1018000,1020000,12600,高楼层(共28层) 2015年建塔楼,226
长城馨苑(武侯) 2室2厅 77.63平米,东南 西北,简装,795000,800000,10241,中楼层(共7层) 1998年建暂无数据,236
佳兆业广场 3室1厅 82.85平米,西,简装,1460000,1450000,17502,高楼层(共15层) 板塔结合,32
鑫苑名家二期 2室1厅 75.73平米,西北,精装,1280000,1270000,16744,中楼层(共34层) 2012年建板塔结合,30
百花东街52号 2室1厅 51.43平米,南,精装,690000,690000,13417,高楼层(共7层) 2000年建板塔结合,26
普罗旺斯 5室2厅 224.39平米,东 西 北,精装,4100000,4050000,18049,低楼层(共3层) 2004年建板楼,143
恒大天府半岛二期 2室1厅 93.24平米,南,精装,1600000,1600000,17107,高楼层(共18层) 2017年建板塔结合,13
宏达世纪丽景 3室2厅 87.43平米,南,其他,1350000,1320000,15098,中楼层(共14层) 板塔结合,65
沙河壹号一期 车位,东南,毛坯,140000,130000,4267,地下室 2011年建塔楼,28
蓝光富丽花城 2室2厅 75.94平米,南,精装,1080000,1080000,14222,高楼层(共18层) 2008年建板塔结合,58
兰庭丽景 2室2厅 102平米,北,简装,590000,580000,5638,高楼层(共6层) 2014年建平房,321
乐天圣苑 3室2厅 87.89平米,南,精装,2610000,2610000,29697,高楼层(共40层) 板塔结合,791
保利玫瑰花语 3室2厅 94.5平米,东南,毛坯,1520000,1480000,15662,高楼层(共31层) 2016年建塔楼,417
颐园(金牛) 3室1厅 104.56平米,西南 南,简装,1010000,1010000,9660,中楼层(共7层) 1995年建板楼,146
东马棚街1号 3室1厅 83.64平米,西南,精装,1470000,1470000,17576,中楼层(共7层) 板楼,4
利通出水芙蓉 4室2厅 103.59平米,南,其他,1580000,1580000,15253,高楼层(共6层) 2005年建板楼,3
四季康城 3室1厅 97.09平米,东,精装,1210000,1210000,12463,高楼层(共33层) 2013年建板塔结合,47
南城都汇汇智园二期 2室1厅 89.41平米,西南,精装,1800000,1800000,20077,高楼层(共18层) 2010年建板塔结合,175
现代城 2室1厅 80.52平米,西南,简装,1450000,1450000,18008,高楼层(共31层) 2014年建塔楼,5
抚琴西南路12号 2室1厅 73.2平米,西南,精装,750000,750000,10246,高楼层(共7层) 1998年建板楼,46
磨子巷4号 3室1厅 58.53平米,南 北,简装,773000,780000,13207,中楼层(共5层) 板楼,60
新巢小区一期 1室0厅 31.03平米,东南,简装,340000,350000,11054,高楼层(共10层) 2005年建板楼,10
莲花北三巷49号 2室1厅 62.6平米,东南,其他,750000,700000,11183,中楼层(共7层) 板塔结合,44
晶宝盛世桃源 2室1厅 64.44平米,西北,精装,770000,770000,11950,高楼层(共18层) 2012年建板塔结合,3
三盛都会城 1房间1卫 43平米,南,其他,250000,260000,5931,中楼层(共31层) 板塔结合,10
老电力宿舍 3室2厅 139平米,东,简装,575000,570000,4065,高楼层(共4层) 2003年建平房,91
浅水半岛一期 2室1厅 87.79平米,东南,精装,1415000,1420000,16119,高楼层(共27层) 2008年建塔楼,60
虹波苑 2室1厅 76.7平米,东南 南,简装,970000,970000,12521,低楼层(共7层) 2000年建板楼,32
东胜街39号 2室1厅 68.38平米,东南,简装,1440000,1420000,20767,中楼层(共6层) 1993年建板楼,176
正成名城左岸 2室1厅 87.65平米,东北,精装,720000,720000,8158,高楼层(共28层) 2008年建板塔结合,41
川航佳园 2室1厅 68.7平米,南 北,简装,1060000,1060000,15430,中楼层(共7层) 2007年建板塔结合,258
鹤林小区 2室1厅 72.15平米,南,简装,710000,700000,9578,中楼层(共6层) 板塔结合,48
中海右岸二期 2室1厅 75.12平米,南,毛坯,1245000,1200000,15975,高楼层(共33层) 2018年建板塔结合,32
龙湖弗莱明戈一期 车位,东南,毛坯,123000,120000,2590,地下室 板塔结合,334
蓝光COCO时代 3室2厅 67.51平米,东北,精装,1360000,1360000,20146,高楼层(共31层) 2014年建板塔结合,165
保利城三期 3室2厅 105.7平米,南,其他,1490000,1470000,13860,低楼层(共18层) 2015年建板楼,43
香楠湖 2室1厅 83.8平米,东南,精装,980000,960000,11397,高楼层(共16层) 2012年建塔楼,42
恒大城四期 3室2厅 134.89平米,西北,精装,1660000,1660000,12307,中楼层(共30层) 2015年建板塔结合,525
文庙西街31号 2室2厅 73.18平米,东南,毛坯,1060000,1060000,14485,中楼层(共6层) 1996年建板塔结合,26
兴元绿洲一期 2室2厅 79.8平米,南,简装,950000,950000,11905,低楼层(共22层) 2007年建塔楼,362
红布正街9号 3室2厅 93平米,东南,其他,1600000,1480000,15914,高楼层(共6层) 板楼,7
抚琴西苑北区 2室1厅 76.58平米,东南,其他,968000,920000,12014,高楼层(共7层) 1995年建板楼,86
中森光华1号 2室2厅 70.86平米,东南,其他,888000,890000,12532,中楼层(共30层) 2012年建板塔结合,6
龙湖世纪峰景 3室2厅 277.54平米,东 东北,毛坯,5600000,5450000,19637,高楼层(共44层) 2017年建板楼,88
卓锦城六期 4室1厅 133.48平米,东南,精装,3220000,3220000,24124,高楼层(共28层) 2014年建板塔结合,271
南城都汇汇雅园二期 2室2厅 89.37平米,南,精装,1880000,1880000,21037,低楼层(共18层) 2011年建板塔结合,83
星光华印象 3室2厅 88.13平米,西南,毛坯,1020000,1000000,11291,高楼层(共42层) 板塔结合,12
炜岸城三期 3室2厅 105平米,东南,精装,1720000,1720000,16381,低楼层(共32层) 板塔结合,69
邮电局宿舍 3室2厅 92.66平米,南,毛坯,1050000,1040000,11181,高楼层(共7层) 1995年建板塔结合,68
交大智能九期 车位,东南,毛坯,180000,180000,5469,地下室 2003年建板楼,335
向阳名居 3室2厅 136.46平米,东南,精装,1370000,1370000,10040,高楼层(共6层) 2002年建板楼,143
肖家河东二巷3号院 2室2厅 75平米,东,简装,850000,850000,11334,高楼层(共7层) 1998年建板塔结合,169
华侨城纯水岸二期 4室2厅 127平米,西 西北,简装,3000000,3000000,23623,高楼层(共33层) 2010年建板楼,166
西江月 2室1厅 76.35平米,东北,精装,943000,950000,12352,高楼层(共17层) 2011年建板塔结合,114
博海城二期 2室1厅 71.67平米,北,简装,840000,840000,11721,高楼层(共27层) 板塔结合,24
南阳锦城 3室2厅 144.23平米,东南 南,简装,2060000,1990000,13784,高楼层(共6层) 2008年建板塔结合,60
万科海悦汇城西区 2室1厅 61.84平米,西南,精装,1440000,1460000,23529,中楼层(共34层) 2015年建塔楼,149
戛纳湾滨江 3室2厅 90.13平米,东南,其他,1760000,1750000,19328,高楼层(共32层) 2010年建塔楼,8
西城丽景 2室2厅 80.01平米,西北,简装,920000,920000,11499,低楼层(共18层) 2009年建板楼,157
摩卡筑 2室1厅 63.94平米,东,精装,1420000,1370000,21427,低楼层(共18层) 2007年建塔楼,35
武侯名园 3室1厅 125.12平米,南,简装,1800000,1800000,14387,高楼层(共16层) 2001年建暂无数据,65
锦绣楠郡 3室2厅 131平米,南,精装,1220000,1220000,9313,高楼层(共18层) 2009年建板楼,59
西华家园 2室1厅 83.07平米,南,毛坯,880000,880000,10570,高楼层(共6层) 2000年建板楼,29
融创四海逸家 4室1厅 97.47平米,东南,精装,4250000,4120000,42270,中楼层(共40层) 2015年建板楼,156
保利拉斐公馆 3室2厅 104.5平米,东南,毛坯,1180000,1180000,11292,中楼层(共32层) 板塔结合,66
中国铁建北湖国际城一期 3室1厅 84.13平米,西北,精装,1350000,1350000,15988,中楼层(共34层) 2016年建板塔结合,171
三盛都会城 3室2厅 84.77平米,东南,精装,900000,890000,10499,中楼层(共17层) 2018年建板塔结合,98
绿地国际花都一期 3室1厅 88.75平米,西南,毛坯,905000,910000,10198,低楼层(共33层) 2015年建板楼,75
蜀郡 3室2厅 115.78平米,北 南,简装,2050000,2020000,17447,低楼层(共18层) 2010年建板塔结合,334
荣盛花语城 2室1厅 62.19平米,东,简装,1212000,1210000,19457,高楼层(共20层) 2014年建塔楼,347
银唐国际 2室1厅 70.09平米,东南,简装,1520000,1500000,21402,低楼层(共28层) 2006年建板塔结合,33
南湖半岛 2室1厅 65.78平米,北,精装,1130000,1130000,17179,高楼层(共32层) 2015年建塔楼,442
东立国际花城 2室1厅 84.18平米,南,精装,990000,980000,11592,高楼层(共14层) 2015年建板塔结合,9
海伦春天 3室2厅 97平米,东,毛坯,1580000,1580000,16289,中楼层(共34层) 2018年建板塔结合,75
都江花园瑞园 3室2厅 177.76平米,南,精装,1238000,1230000,6909,高楼层(共7层) 板楼,72
一里阳光 2室1厅 71.93平米,东南,精装,778000,780000,10817,高楼层(共25层) 2013年建板塔结合,14
光华馨地 2室1厅 78.84平米,北,精装,1200000,1200000,15221,中楼层(共11层) 2006年建塔楼,43
南城都汇汇雅园二期 2室2厅 137.37平米,南 北,精装,3235000,3240000,23550,中楼层(共18层) 2011年建板塔结合,23
元益花园 2室2厅 84.24平米,东北,精装,1400000,1400000,16620,低楼层(共21层) 2014年建板楼,46
金沙御苑 3室2厅 100.4平米,东南,简装,2002000,2010000,19923,中楼层(共14层) 2013年建板楼,61
山水丽都 3室1厅 97.8平米,东南,其他,580000,580000,5866,中楼层(共13层) 板塔结合,51
万科金润华府 2室1厅 64.85平米,西北,精装,1633000,1610000,24827,高楼层(共35层) 2012年建塔楼,13
橙郡二期 2室1厅 79.25平米,西南,精装,1100000,1100000,13881,高楼层(共17层) 2007年建板楼,4
阳光舜苑 2室2厅 86.17平米,东南,精装,1290000,1290000,14971,低楼层(共27层) 2011年建板塔结合,29
时代睿城 3室2厅 74.95平米,西南,精装,960000,960000,12809,中楼层(共28层) 2015年建塔楼,8
万科第五城一期 3室1厅 91平米,南,精装,1215000,1220000,13352,高楼层(共25层) 板塔结合,217
东珠市街65号 1室0厅 35.99平米,南,精装,448000,450000,12448,低楼层(共6层) 1990年建板楼,349
光华国际 2室2厅 91平米,东南,简装,970000,970000,10660,中楼层(共30层) 2013年建板塔结合,325
青秀城 2室1厅 83.51平米,南,简装,1200000,1200000,14370,高楼层(共18层) 2012年建板塔结合,62
华润凤凰城二期 1室1厅 56.27平米,北,其他,1330000,1330000,23637,低楼层(共21层) 2010年建板塔结合,18
清江雅居 1室1厅 60.82平米,东南,精装,1006000,1010000,16541,中楼层(共15层) 2009年建塔楼,43
金山御景蓝湾 3室1厅 106.22平米,东,毛坯,885000,870000,8191,中楼层(共31层) 2017年建板楼,20
新神风八座 2室1厅 78.45平米,南,精装,850000,850000,10835,高楼层(共18层) 2013年建板楼,39
派克公馆 2室2厅 87.09平米,西南,精装,1086000,1090000,12470,低楼层(共12层) 2011年建板塔结合,19
绿地城 3室2厅 88.08平米,南,毛坯,1098000,1090000,12330,低楼层(共33层) 2016年建板塔结合,505
佳兆业威登郡 3室1厅 88.94平米,南,精装,1340000,1340000,15067,高楼层(共12层) 2013年建板塔结合,2
佳园(金牛) 3室2厅 196.81平米,东南,简装,1630000,1630000,8283,中楼层(共5层) 2000年建板塔结合,3
锦西国际 1室0厅 29.33平米,南,简装,300000,300000,10212,中楼层(共22层) 2008年建塔楼,306
吉宝凌云峰阁 2室2厅 99.28平米,东南,精装,3250000,3230000,32535,中楼层(共30层) 2015年建板楼,57
锦官丽城亲水湾 3室2厅 136平米,南,精装,2120000,2120000,15589,中楼层(共6层) 2006年建板楼,18
御源大湖区 2室1厅 83.12平米,南 北,精装,1165000,1160000,13908,中楼层(共18层) 2012年建塔楼,43
颐和家园 车位,东南,其他,160000,160000,4211,地下室(共1层) 2008年建板塔结合,4
颐和家园 4室2厅 139.06平米,东南,精装,2900000,2900000,20855,中楼层(共32层) 2008年建板塔结合,194
富力桃园B区 3室2厅 116.25平米,北,精装,1270000,1260000,10813,中楼层(共32层) 2015年建板塔结合,48
楠庭理想 1室1厅 59.41平米,东南,简装,860000,850000,14224,高楼层(共14层) 2010年建板楼,54
北欧知识城一期 2室2厅 78.14平米,西北,精装,780000,780000,9983,低楼层(共33层) 板塔结合,50
江华社区 2室2厅 82平米,东南,精装,720000,710000,8622,高楼层(共6层) 2000年建板楼,56
锦城华府 1室1厅 54.6平米,南,其他,1400000,1390000,25422,中楼层(共32层) 2015年建板塔结合,29
共和里3号 2室1厅 76.49平米,东,简装,1070000,1070000,13989,高楼层(共7层) 板楼,71
瑞升橡树林华府 2室1厅 72.81平米,西南,精装,1290000,1270000,17443,中楼层(共26层) 塔楼,137
交大智能八期 1室1厅 51.57平米,东南,简装,620000,620000,12023,中楼层(共6层) 2003年建板楼,22
三盛都会城 2房间1卫 49.68平米,东南,精装,320000,320000,6442,高楼层(共32层) 2015年建板塔结合,26
顺江锦苑 1室1厅 49.6平米,东南,毛坯,580000,570000,11492,高楼层(共11层) 板塔结合,5
富临理宫 3室2厅 83.61平米,东北,精装,1480000,1480000,17702,低楼层(共32层) 2015年建板楼,239
香榭河畔 3室2厅 76.35平米,南,精装,960000,960000,12574,高楼层(共33层) 2016年建板塔结合,45
上翔街32号 1室1厅 42.67平米,东南,简装,1500000,1500000,35154,中楼层(共6层) 1985年建板楼,11
黄金时代(中和街道办吉龙二街) 3室2厅 107.15平米,东,简装,1530000,1530000,14280,中楼层(共33层) 塔楼,9
中铁伊萨贝拉 2室2厅 79平米,西南,精装,750000,750000,9494,高楼层(共26层) 2010年建板塔结合,361
空中港湾 1室1厅 38.9平米,东南,简装,300000,270000,6761,中楼层(共6层) 2004年建板楼,230
IMC国际广场 1室1厅 48.84平米,北,精装,1020000,1020000,20885,中楼层(共19层) 板塔结合,199
南湖国际社区 3室2厅 129.02平米,北,其他,2330000,2320000,17943,中楼层(共34层) 2010年建板塔结合,56
佳兆业广场 2室2厅 68.3平米,西南,精装,1180000,1150000,16838,低楼层(共15层) 2012年建板塔结合,24
恋日家园F区 3室2厅 109.92平米,南,简装,1050000,1020000,9234,中楼层(共6层) 2003年建板楼,300
中铁丽景书香 3室2厅 71.48平米,西南,精装,855000,860000,11962,高楼层(共33层) 板塔结合,12
锦馨家园B区 1室1厅 50.82平米,西,其他,638000,640000,12555,中楼层(共18层) 2000年建板塔结合,66
格林城 4室2厅 115平米,南,简装,1780000,1770000,15357,高楼层(共23层) 2017年建板塔结合,815
隆鑫九熙三期 1室1厅 62.35平米,西,精装,965000,970000,15478,高楼层(共30层) 2014年建塔楼,22
中铁西子香荷 2室1厅 90.81平米,南,精装,2250000,2250000,24778,低楼层(共33层) 2010年建板塔结合,27
万科金润华府 2室2厅 65平米,东南,精装,1580000,1580000,24308,中楼层(共35层) 2012年建塔楼,15
绿地锦天府 3室2厅 183.56平米,东北,精装,5350000,5300000,28874,高楼层(共30层) 2015年建板塔结合,268
首信首御 1室2厅 49.63平米,南,精装,968000,970000,19505,中楼层(共14层) 2013年建板塔结合,55
西岸观邸 4室2厅 97.76平米,西南,精装,1790000,1750000,17901,高楼层(共32层) 2013年建板塔结合,545
合能珍宝琥珀 2室1厅 67.68平米,东南,简装,855000,840000,12382,低楼层(共34层) 2014年建板塔结合,27
高家庄赞城 3室1厅 66.94平米,西南,精装,1008000,1010000,15045,中楼层(共25层) 2014年建塔楼,225
御龙山二期 2室2厅 84.38平米,东,精装,1950000,1950000,23110,高楼层(共44层) 2018年建板塔结合,33
温哥华花园六期 3室2厅 102.11平米,西,简装,1190000,1190000,11655,中楼层(共16层) 2013年建塔楼,374
金阳易诚国际 2室2厅 74.02平米,南,精装,1280000,1250000,16820,低楼层(共22层) 2010年建塔楼,36
龙锦晓筑 2室2厅 90.15平米,南,其他,1220000,1210000,13378,高楼层(共15层) 2004年建板楼,48
上翔街21号 2室1厅 46.86平米,南 北,简装,1530000,1520000,32438,高楼层(共6层) 1985年建板楼,23
招商依云上城 2室1厅 67平米,东,精装,818000,810000,12060,中楼层(共40层) 2016年建板塔结合,50
佳年华新生活A区 3室2厅 90.69平米,东南,其他,1200000,1200000,13140,低楼层(共31层) 2016年建塔楼,75
佳乐国际城一期 3室2厅 104.78平米,东,精装,1250000,1220000,11644,中楼层(共18层) 2012年建板塔结合,66
嘉通云玺 3室2厅 90.47平米,东南,精装,850000,850000,9396,高楼层(共24层) 塔楼,35
棠府锦绣城 2室1厅 66.18平米,北,简装,940000,940000,14204,低楼层(共13层) 2017年建板塔结合,37
嘉和瑞景 3室2厅 109.5平米,南,精装,780000,760000,6923,中楼层(共18层) 塔楼,31
蜀都花园 1室1厅 57.69平米,南,简装,960000,950000,16468,高楼层(共26层) 2003年建塔楼,28
佳兆业广场 2室1厅 68.95平米,南,精装,1150000,1150000,16679,中楼层(共15层) 2016年建板塔结合,60
雕刻时光 2室1厅 74.61平米,西南,简装,740000,730000,9661,低楼层(共18层) 2011年建板楼,193
高地 车位,东,其他,188000,190000,6242,地下室 2008年建塔楼,150
格调城 3室2厅 90.39平米,东,简装,940000,930000,10234,中楼层(共18层) 2012年建塔楼,19
公园大道 3室1厅 122.95平米,西北,毛坯,1425000,1380000,11225,中楼层(共12层) 2012年建板塔结合,145
交大卡布里城 4室1厅 127.12平米,东南 西北,精装,1380000,1380000,10856,低楼层(共25层) 2009年建板塔结合,181
中信城左岸 2室1厅 70.98平米,东北,其他,1450000,1420000,19978,中楼层(共32层) 板塔结合,46
韩国城二期 3房间1卫 49.11平米,东,精装,470000,470000,9379,高楼层(共13层) 板塔结合,349
保利锦湖林语南区 4室2厅 105.11平米,东 西,精装,3450000,3450000,32823,低楼层(共22层) 2016年建板塔结合,11
大庆蜀苑 2室2厅 102.13平米,东 东南,精装,810000,810000,7932,高楼层(共5层) 2008年建板楼,85
华侨凤凰国际城 2室1厅 87.54平米,东南 西南,精装,919000,910000,10313,中楼层(共26层) 2016年建板楼,21
富临理宫 2室1厅 56.72平米,南,精装,909000,890000,15692,中楼层(共32层) 2015年建板楼,56
翠堤春晓 3室2厅 87.43平米,东南,精装,1390000,1350000,15441,低楼层(共7层) 2002年建板楼,186
营福巷67号 1室1厅 42.61平米,东南,简装,426000,430000,9998,低楼层(共7层) 1995年建板楼,8
东湖国际 3室1厅 88.83平米,东,毛坯,2110000,2080000,23416,低楼层(共33层) 2012年建塔楼,213
东御饧 4室2厅 137平米,西南,毛坯,2580000,2580000,18833,高楼层(共38层) 2017年建板塔结合,332
华润橡树湾A区 3室1厅 54.46平米,东南,精装,1130000,1130000,20750,高楼层(共34层) 2013年建板塔结合,152
金福苑(青羊) 1室1厅 44.32平米,东,简装,515000,500000,11282,低楼层(共6层) 2005年建板楼,242
华银美景 3室1厅 89.66平米,东南,精装,1350000,1350000,15057,中楼层(共18层) 2010年建板塔结合,184
领馆逸品 2室2厅 82.1平米,东,精装,1228000,1230000,14958,高楼层(共17层) 2009年建塔楼,421
佳兆业丽晶公馆 3室2厅 80.63平米,西南,其他,1160000,1160000,14387,低楼层(共23层) 2016年建板塔结合,1
北埠雅园 2室2厅 74.22平米,东,简装,590000,560000,7546,中楼层(共6层) 2009年建板楼,173
骑士郡锦程二期 3室1厅 102.01平米,东,简装,1372000,1380000,13450,中楼层(共18层) 塔楼,14
学道街76号 2室1厅 74.5平米,南,简装,2120000,2080000,27907,中楼层(共6层) 1994年建板楼,25
玉林南路13号 2室1厅 74.31平米,南,简装,910000,910000,12246,高楼层(共7层) 1997年建板楼,13
恒大天府半岛二期 3室2厅 118.43平米,西,精装,2200000,2160000,18239,中楼层(共18层) 2017年建板楼,104
佳兆业丽晶港 3室1厅 86.7平米,东南,简装,1356000,1320000,15225,高楼层(共33层) 2012年建板塔结合,57
西江月 2室1厅 85.15平米,西北,精装,1080000,1060000,12390,中楼层(共17层) 2011年建板塔结合,244
橙郡二期 3室2厅 89.07平米,北,精装,1210000,1210000,13585,低楼层(共17层) 2007年建板塔结合,745
红枫岭二期 2室1厅 88平米,东南,简装,1220000,1220000,13864,中楼层(共33层) 2009年建板塔结合,17
远大都市风景一期 2室1厅 87.5平米,东南,简装,1530000,1510000,17200,高楼层(共6层) 2009年建板楼,187
蓝光COCO蜜城 2室1厅 68.27平米,东,毛坯,1390000,1370000,20068,中楼层(共30层) 2014年建塔楼,363
戛纳湾滨江 2室1厅 86.01平米,东南,精装,1570000,1560000,18138,中楼层(共32层) 2010年建塔楼,58
优品尚东三期 3室2厅 108平米,北,简装,2180000,2180000,20186,中楼层(共32层) 2015年建板塔结合,345
锦绣楠郡 2室1厅 89.73平米,南,简装,880000,880000,9808,高楼层(共18层) 2009年建板楼,154
润扬双河鹭岛 3室2厅 89.43平米,南,简装,943000,950000,10545,高楼层(共18层) 2012年建板楼,44
左岸花都 2室2厅 119平米,南,简装,1580000,1580000,13278,高楼层(共6层) 2003年建板楼,60
蜀华街32号 3室1厅 63平米,东南,精装,1850000,1850000,29366,低楼层(共7层) 板楼,23
中洲・中央公园 3室2厅 93.92平米,南 西南,毛坯,1000000,980000,10435,高楼层(共33层) 2016年建板楼,26
温资金港华府 3室2厅 104.53平米,东,毛坯,1300000,1280000,12246,高楼层(共17层) 2017年建塔楼,6
中国西部文化城 3室2厅 107.14平米,西,毛坯,1180000,1180000,11014,高楼层(共18层) 2016年建板塔结合,130
蓝光金悦府 4室2厅 112.02平米,东北,精装,1660000,1660000,14819,高楼层(共24层) 2016年建塔楼,33
中铁丽景书香 2室2厅 84.16平米,东北,精装,930000,930000,11051,中楼层(共29层) 2016年建板塔结合,3
御廷上郡 3室1厅 85.52平米,东南,精装,1700000,1650000,19294,高楼层(共33层) 2012年建板塔结合,25
紫竹北街27号 1室1厅 42.89平米,南,简装,510000,500000,11658,低楼层(共6层) 板楼,11
恒大帝景 4室1厅 132.24平米,东 西南,精装,1240000,1240000,9377,高楼层(共29层) 2016年建塔楼,42
天福缘 2室2厅 88.52平米,南,精装,848000,850000,9580,高楼层(共6层) 板楼,24
百仁安盛 3室2厅 148.48平米,东南,其他,2290000,2300000,15491,低楼层(共18层) 2008年建板楼,11
王家二巷18号 2室2厅 85.68平米,东南,其他,560000,560000,6536,中楼层(共4层) 暂无数据,132
四季康城 2室2厅 69.5平米,东南,精装,860000,860000,12375,低楼层(共33层) 2013年建板塔结合,66
世豪瑞丽 3室2厅 90.35平米,西,精装,2220000,2220000,24572,低楼层(共32层) 2013年建塔楼,222
西江月 2室1厅 85.35平米,东北,精装,1050000,1020000,11951,低楼层(共17层) 2011年建板塔结合,48
恩威玲珑南域 3室2厅 121.97平米,东南,简装,2360000,2360000,19350,高楼层(共16层) 2011年建板楼,226
万景峰一期 3室1厅 85.83平米,东南 西南,精装,1070000,1070000,12467,低楼层(共33层) 2012年建板塔结合,145
学府雅筑 3房间1卫 61.87平米,东南,精装,280000,280000,4526,高楼层(共24层) 塔楼,40
翰林上岛 2室1厅 65.68平米,东北,简装,900000,890000,13521,高楼层(共16层) 2008年建塔楼,41
高攀路18号 2室1厅 64.49平米,北,简装,870000,850000,13181,中楼层(共6层) 2000年建板楼,189
上置雅宾利 3室2厅 84.46平米,东南,毛坯,870000,830000,9828,中楼层(共23层) 2018年建板塔结合,38
凯丽豪景 2室1厅 85.43平米,东南,精装,1581000,1590000,18507,高楼层(共30层) 2008年建板楼,233
都市金岸 2室2厅 84.42平米,东 西,简装,1490000,1490000,17650,中楼层(共18层) 2005年建塔楼,13
长富花园 3室2厅 125.49平米,东,精装,2180000,2180000,17372,高楼层(共18层) 2002年建板楼,19
圣采泊尚 3室2厅 74.39平米,南,精装,1100000,1100000,14787,低楼层(共30层) 板塔结合,42
书香府邸 2室1厅 84.55平米,东南,精装,1065000,1070000,12597,高楼层(共16层) 2009年建板塔结合,216
心愿花园一期 2室2厅 80.14平米,南,毛坯,710000,700000,8735,中楼层(共6层) 2008年建板塔结合,216
戛纳湾滨江 2室2厅 88.46平米,西北,毛坯,1600000,1580000,17805,中楼层(共31层) 2010年建塔楼,2
汇厦花园 3室2厅 98.15平米,东南,精装,2100000,1960000,19970,中楼层(共11层) 2005年建板楼,270
幸福家园碧云天 2室1厅 87.5平米,东 南,精装,630000,630000,7178,低楼层(共17层) 塔楼,34
恒大新城一期 2室2厅 82.66平米,西南,精装,1030000,1040000,12497,中楼层(共30层) 2012年建板塔结合,16
鼎犀名城 2室1厅 54.7平米,东北,简装,700000,690000,12615,高楼层(共17层) 2017年建板塔结合,160
成南领寓 2室1厅 66.58平米,东,简装,765000,770000,11490,中楼层(共31层) 板楼,49
誉府仕家 3室2厅 113.2平米,东南,毛坯,800000,800000,7010,中楼层(共33层) 2017年建板塔结合,61
心怡紫晶城 3室1厅 130.8平米,西南,精装,1920000,1920000,14678,高楼层(共31层) 2011年建塔楼,740
金南园 3室2厅 129.87平米,南,简装,1469000,1440000,11073,中楼层(共6层) 2004年建板楼,70
颐和雅居 2室2厅 102.89平米,东南,精装,1160000,1120000,10886,低楼层(共13层) 2006年建板塔结合,35
中海龙湾半岛 2室1厅 90.61平米,东,精装,2200000,2160000,23839,中楼层(共18层) 2009年建板楼,257
佳兆业丽晶港 3室2厅 84.69平米,东北,精装,1320000,1310000,15410,高楼层(共33层) 2012年建板塔结合,406
星悦领地 2室1厅 87.82平米,南,简装,940000,940000,10704,中楼层(共17层) 2007年建板楼,15
蓝岸丽景 2室1厅 96.33平米,东,精装,1400000,1400000,14534,高楼层(共18层) 2009年建板塔结合,20
人居锦尚春天A区 3室1厅 89.71平米,东南,毛坯,1429000,1430000,15930,中楼层(共30层) 塔楼,57
泰基北锦 2室2厅 70.4平米,西南,简装,1050000,1050000,14915,中楼层(共26层) 2009年建板塔结合,615
中铁瑞景澜庭 5室3厅 208.16平米,南,精装,2600000,2600000,12491,低楼层(共6层) 2012年建板楼,225
首创爱这城三期 车位,东,其他,140000,140000,4033,地下室 板塔结合,8
心愿花园二期 1室1厅 49.16平米,东南,毛坯,420000,420000,8544,低楼层(共11层) 塔楼,9
金恒德时代金悦 2室1厅 70.85平米,东南,精装,980000,980000,13833,高楼层(共31层) 2017年建板塔结合,8
金色花园一期 3室2厅 98.88平米,东,精装,1525000,1530000,15423,低楼层(共7层) 2003年建板楼,13
天鹅湖花园 5室2厅 547平米,东南,毛坯,8180000,8180000,14955,高楼层(共30层) 2008年建板楼,45
蓝光时代华章 1室0厅 37.22平米,南,简装,800000,800000,21494,高楼层(共15层) 2003年建板塔结合,18
蜀都新 3室2厅 96.21平米,西南,简装,760000,740000,7692,中楼层(共26层) 板楼,29
利通天鹅堡 3室2厅 192.27平米,东南,精装,2636000,2640000,13710,低楼层(共4层) 板楼,262
东洪广厦 3室1厅 87平米,东南,精装,1450000,1400000,16035,中楼层(共33层) 2013年建板塔结合,153
天泉酒店 3室2厅 105.6平米,东 南,精装,670000,670000,6326,中楼层(共26层) 2010年建塔楼,609
五合苑 2室2厅 88.12平米,西南,精装,1145000,1150000,12994,中楼层(共23层) 2015年建板楼,26
保利叶语 3室2厅 95.71平米,北,毛坯,1540000,1530000,15965,高楼层(共27层) 2015年建板塔结合,762
郫县百伦广场 3室2厅 93.2平米,东,毛坯,810000,790000,8477,高楼层(共29层) 塔楼,77
紫檀 2室2厅 95.13平米,北,精装,2880000,2880000,30275,高楼层(共26层) 2017年建板塔结合,431
俊发星雅俊园 2室1厅 69平米,东南,精装,1410000,1410000,20435,中楼层(共33层) 2015年建塔楼,18
现代城人民公园 2室1厅 80.87平米,东南,精装,1590000,1530000,18858,低楼层(共23层) 2004年建板楼,55
龙湖三千里B区二期 2室2厅 84.86平米,东南,精装,2000000,2000000,23569,低楼层(共34层) 2009年建板塔结合,255
锦西民宅 2室1厅 77.85平米,北,简装,1285000,1290000,16507,低楼层(共6层) 2000年建板楼,50
华侨城纯水岸三期 3室2厅 86.99平米,南,其他,2100000,1900000,21831,中楼层(共33层) 2013年建塔楼,20
东原城 3室1厅 86平米,南,毛坯,820000,800000,9303,高楼层(共34层) 2015年建板塔结合,35
西都会 1室2厅 57.44平米,东南,简装,380000,380000,6616,低楼层(共19层) 2010年建塔楼,207
无国界 3室2厅 109.88平米,南,简装,2230000,2230000,20295,中楼层(共33层) 2015年建板塔结合,644
锦江逸家 3室2厅 62.32平米,西南 西北,精装,1680000,1660000,26637,低楼层(共33层) 2015年建塔楼,55
蜀风庭院 2室2厅 86.9平米,东南,毛坯,498000,480000,5467,中楼层(共5层) 2009年建板楼,277
阳光100米娅中心一期 2室1厅 77.54平米,南,精装,1460000,1420000,18275,低楼层(共22层) 2012年建板塔结合,27
百维广场 1房间1卫 30.95平米,西南,简装,170000,170000,5493,高楼层(共29层) 2017年建板楼,19
华润二十四城四期 3室2厅 88.2平米,南,精装,2330000,2330000,26418,中楼层(共31层) 2013年建板塔结合,23
师大现代花园 2室2厅 94.08平米,西北,简装,1130000,1120000,11905,低楼层(共32层) 2013年建板塔结合,218
青南美湾 2室1厅 77.65平米,南,毛坯,1290000,1280000,16485,中楼层(共26层) 板楼,333
和信孔雀天成 3室1厅 119.6平米,东北,其他,1450000,1440000,11999,中楼层(共33层) 2015年建板塔结合,11
光华美邻 2室1厅 77.51平米,南,精装,1980000,1980000,25546,低楼层(共18层) 2007年建塔楼,71
万千城 2室1厅 81.92平米,北,其他,720000,720000,8790,中楼层(共31层) 2013年建板塔结合,3
北回归线一期 2室1厅 64平米,西北,精装,770000,730000,11407,低楼层(共22层) 2009年建板塔结合,62
华府沙河 2室2厅 81.02平米,西北,精装,1620000,1600000,19687,中楼层(共27层) 2012年建塔楼,10
海上海南苑 3室2厅 108.16平米,东,精装,2160000,2100000,19416,高楼层(共32层) 塔楼,15
蓝光圣菲town城 2室1厅 76.63平米,东南,精装,1050000,1050000,13703,中楼层(共23层) 2009年建板塔结合,35
万科海悦汇城西区 2室2厅 60平米,北,精装,1342000,1350000,22367,低楼层(共35层) 2015年建塔楼,380
百悦天鹅湖 3室2厅 94.45平米,南 北,精装,1550000,1550000,16411,低楼层(共23层) 板塔结合,84
水务局家属院 2室2厅 78.4平米,西南,简装,460000,460000,5855,低楼层(共6层) 1982年建暂无数据,74
保利西子城 4室1厅 138平米,南,精装,1750000,1710000,12392,中楼层(共11层) 2018年建板塔结合,211
洪景丽苑 5室2厅 178.29平米,南 北,精装,1680000,1660000,9266,高楼层(共6层) 2009年建板塔结合,10
红牌楼广场 3室2厅 88.27平米,西南,毛坯,1750000,1700000,19260,中楼层(共17层) 2007年建板塔结合,434
中洲・中央公园 3室2厅 109.82平米,南,毛坯,1200000,1200000,10927,低楼层(共24层) 2017年建板楼,676
红牌楼广场 车位,东,其他,100000,100000,2326,地下室 板塔结合,1
长城半岛城邦二期 车位,东,其他,250000,250000,8904,地下室 板塔结合,1
四季金悦 4室2厅 104.85平米,北,精装,1430000,1430000,13639,低楼层(共12层) 2016年建板塔结合,82
新尚天地 3室2厅 81.11平米,西北,毛坯,870000,880000,10850,高楼层(共32层) 2017年建塔楼,40
光华杏林 1室1厅 53.78平米,东,精装,620000,620000,11492,高楼层(共21层) 2010年建塔楼,6
长城半岛城邦二期 3室2厅 125.44平米,南,精装,4100000,3850000,30692,高楼层(共33层) 2011年建塔楼,144
楠香山 1室2厅 53.02平米,西北,简装,860000,850000,16032,低楼层(共27层) 2012年建板塔结合,72
置信丽都花园城D区 3室2厅 102.64平米,南,精装,2350000,2350000,22896,高楼层(共13层) 2009年建板塔结合,40
金科天籁城 2室1厅 65.46平米,西 北,精装,950000,940000,14284,低楼层(共28层) 板塔结合,28
天赐江陵半岛 2室1厅 79.01平米,西南,简装,805000,810000,10189,低楼层(共18层) 2013年建塔楼,754
花样年华常青藤 2室2厅 82.01平米,西南,简装,880000,880000,10731,低楼层(共6层) 板楼,37
四季康城 3室2厅 80.22平米,西,毛坯,1050000,1040000,12925,低楼层(共34层) 2013年建板塔结合,168
蓝光幸福满庭 3室2厅 73.05平米,西北,精装,1150000,1130000,15469,低楼层(共25层) 2014年建板塔结合,140
都江花园瑞园 3室2厅 104平米,东南 南,精装,720000,710000,6827,低楼层(共7层) 板楼,69
怡景阳光(石家碾东路) 2室1厅 60.66平米,南,简装,452000,450000,7419,中楼层(共15层) 板塔结合,42
北大资源燕楠国际三期 3室1厅 77.73平米,西,精装,1250000,1240000,15953,高楼层(共12层) 2016年建板塔结合,39
成华奥园广场二期 2室2厅 69平米,东南,毛坯,1340000,1340000,19421,中楼层(共39层) 2018年建板塔结合,197
长顺苑 2室1厅 80.98平米,东南,精装,1080000,1080000,13337,中楼层(共7层) 2000年建板楼,204
中铁瑞景茗城二期 3室2厅 113.56平米,西南,精装,1268000,1270000,11166,中楼层(共32层) 2009年建板塔结合,29
天骄星城翰林院 3室2厅 115平米,北,毛坯,700000,670000,5792,中楼层(共13层) 塔楼,15
鑫苑名家一期 1房间1卫 40.65平米,东南,精装,270000,270000,6593,低楼层(共35层) 2011年建板塔结合,34
巨龙环岛国际社区 4室2厅 149.93平米,东南,毛坯,1900000,1810000,12073,高楼层(共17层) 2011年建板塔结合,455
招商依云上城 3室2厅 95.3平米,东,其他,1123000,1130000,11782,高楼层(共40层) 2015年建塔楼,89
宏瑞阳光郦城 2室2厅 80.57平米,西南,毛坯,467000,470000,5759,中楼层(共16层) 塔楼,237
金河谷五期 3室1厅 88.65平米,南,精装,1205000,1200000,13537,低楼层(共34层) 2018年建塔楼,52
成功悦都 2室1厅 67.52平米,东南,精装,1300000,1300000,19254,中楼层(共32层) 2017年建塔楼,3
千禧河畔B区 2室1厅 78.58平米,东南,精装,1030000,1000000,12663,低楼层(共33层) 2016年建板塔结合,50
金福苑(青羊) 1室1厅 47.88平米,西,毛坯,520000,520000,10861,中楼层(共6层) 板楼,66
南湖国际社区 3室2厅 117.02平米,西,毛坯,1800000,1770000,15109,高楼层(共34层) 2010年建板塔结合,266
保利城三期 3室2厅 87.9平米,西,其他,1230000,1230000,13994,中楼层(共18层) 2015年建板楼,18
九里教师苑 2室1厅 67.68平米,东南,简装,820000,820000,12116,中楼层(共7层) 1999年建板楼,206
新鸿基悦城 车位,南,其他,120000,120000,3244,地下室 板塔结合,1
金河谷一期 4室2厅 150.52平米,东南,精装,1990000,1990000,13221,中楼层(共26层) 2009年建板塔结合,553
大南街40号 2室1厅 57.96平米,南,精装,250000,250000,4314,高楼层(共6层) 1989年建板楼,606
佳兆业8号 3室2厅 117.26平米,北,精装,1900000,1860000,15820,高楼层(共14层) 2014年建板塔结合,76
人民法庭 3室2厅 108.95平米,东 南 北,简装,885000,890000,8123,高楼层(共6层) 2013年建板楼,372
沙河壹号二期 3室1厅 81.96平米,西,毛坯,1600000,1580000,19217,高楼层(共34层) 2013年建塔楼,189
中铁奥维尔 3室2厅 88.87平米,西南,毛坯,850000,850000,9565,低楼层(共31层) 2014年建塔楼,2
机车苑 2室2厅 78.7平米,东南,简装,806000,780000,9912,高楼层(共7层) 2000年建板楼,44
鹭湖宫七号B组 3室1厅 117.91平米,东南,精装,1350000,1350000,11450,高楼层(共30层) 2014年建板塔结合,47
交大北园 3室1厅 70平米,南,其他,950000,950000,13572,低楼层(共7层) 1998年建板楼,33
华宇阳光水岸 2室1厅 76.89平米,西南,简装,1266000,1270000,16466,高楼层(共21层) 2010年建板塔结合,288
城市绿舟花园 2室2厅 86.09平米,南 北,精装,1100000,1090000,12552,高楼层(共6层) 2004年建板楼,147
香山半岛 1室1厅 51.33平米,东,简装,900000,900000,17534,中楼层(共26层) 2016年建板塔结合,51
常青藤一期 3室2厅 89平米,南,精装,1020000,1080000,12079,低楼层(共17层) 板塔结合,266
东御饧 3室1厅 92.38平米,西北,精装,1850000,1850000,20026,中楼层(共33层) 2017年建板塔结合,1
恒大天府半岛 3室2厅 103.31平米,西南,简装,1750000,1750000,16940,高楼层(共23层) 2017年建塔楼,234
雅居乐花园 4室2厅 142平米,东南,精装,1950000,1830000,12888,中楼层(共11层) 2008年建板塔结合,48
海伦春天 3室1厅 96.56平米,南,毛坯,1600000,1590000,16415,低楼层(共40层) 2018年建板塔结合,28
国嘉新视界 2室1厅 67.84平米,东南,精装,1300000,1290000,19016,中楼层(共32层) 2009年建塔楼,81
四季金悦 3室2厅 83.05平米,西,精装,1265000,1270000,15232,中楼层(共12层) 板塔结合,15
中和新城 2室2厅 72.5平米,西北,精装,500000,490000,6759,中楼层(共6层) 塔楼,8
映电花园 3室2厅 108平米,东南,毛坯,640000,640000,5857,高楼层(共6层) 板楼,161
成华街9号 2室1厅 66.86平米,东南,简装,820000,800000,11966,中楼层(共7层) 1998年建板楼,62
晶宝盛世桃源 2室1厅 62.78平米,东,简装,780000,760000,12106,中楼层(共18层) 2012年建板塔结合,40
鑫源公寓 2室1厅 75平米,东南,其他,860000,860000,11467,中楼层(共7层) 2002年建板楼,23
保利紫薇花语 3室2厅 79.77平米,南,精装,1210000,1210000,15144,高楼层(共34层) 2017年建板塔结合,647
合能耀之城 2室2厅 65.5平米,西,精装,1320000,1320000,20153,中楼层(共18层) 2010年建板塔结合,24
蓝光金楠府 3室1厅 83.38平米,东南,精装,1680000,1620000,19430,高楼层(共16层) 2013年建板楼,18
白鸽岛尚 2室2厅 73.88平米,西南,简装,955000,950000,12792,低楼层(共19层) 2008年建塔楼,245
绿地国际花都三期 3室2厅 86.34平米,西北,精装,1030000,1030000,11930,高楼层(共32层) 2014年建塔楼,11
新筑公寓 3室2厅 95.47平米,北,简装,1500000,1500000,15712,低楼层(共6层) 2004年建板塔结合,68
远大林语城南庭 3室2厅 77平米,东 北,毛坯,1050000,1050000,13637,高楼层(共12层) 板塔结合,88
佳兆业君汇上品 3室1厅 85.75平米,西,精装,1640000,1640000,19126,中楼层(共25层) 2013年建板塔结合,40
建信奥林匹克花园 1室0厅 38.45平米,东,简装,318000,320000,8271,中楼层(共9层) 2006年建板塔结合,14
豪斯花园 3室2厅 73.46平米,南,简装,798000,800000,10864,中楼层(共7层) 1998年建板楼,15
山南家园 4室2厅 154.77平米,南,毛坯,2020000,2020000,13052,低楼层(共11层) 2007年建板楼,806
万基新界 1室1厅 30.58平米,南,简装,398000,400000,13016,中楼层(共7层) 2005年建塔楼,331
高盛金融中心 2室1厅 87.02平米,南,精装,2220000,2200000,25282,中楼层(共38层) 2015年建板塔结合,99
北欧知识城二期 2室1厅 75.43平米,西,简装,730000,710000,9413,中楼层(共31层) 板塔结合,20
富民巷36号 4室2厅 152平米,南 西,精装,558000,550000,3593,高楼层(共5层) 塔楼,25
成都A区 2室1厅 56.51平米,东南,简装,1150000,1120000,19820,中楼层(共19层) 2011年建板塔结合,88
今日花园 2室2厅 80.04平米,南,简装,830000,830000,10370,低楼层(共6层) 2006年建板塔结合,517
大成天府景秀二期 3室2厅 138.72平米,西南,简装,1240000,1240000,8939,中楼层(共6层) 2005年建板楼,23
卓锦城二期 2室1厅 94.04平米,西南,精装,1530000,1510000,16036,高楼层(共18层) 2008年建板塔结合,25
洲际春天广场 3室1厅 69.8平米,南,精装,855000,860000,12250,低楼层(共32层) 2016年建板塔结合,24
民主小区A2区 1室1厅 36平米,南 北,简装,230000,230000,6389,中楼层(共6层) 塔楼,100
九龙仓时代小镇 2室2厅 76.24平米,东南,精装,1110000,1090000,14297,中楼层(共11层) 2014年建板塔结合,70
石油苑 3室2厅 96.86平米,东南,简装,1400000,1400000,14454,中楼层(共16层) 2000年建板塔结合,10
绿茵豪庭A区 3室2厅 131.57平米,东南,精装,1080000,1010000,7616,中楼层(共11层) 2008年建板塔结合,26
成华大道新鸿路20号 2室1厅 76.69平米,东,精装,990000,990000,12844,高楼层(共7层) 2000年建板楼,114
华汇天地 3室2厅 92.92平米,西南,其他,1537000,1540000,16542,低楼层(共29层) 板塔结合,69
东立国际广场 1房间1卫 52平米,东,简装,310000,290000,5577,高楼层(共20层) 2008年建板楼,318
富诗特 2室1厅 44.33平米,西,精装,700000,700000,15746,中楼层(共15层) 2009年建塔楼,19
滨西绿洲 2室2厅 78.3平米,南,简装,650000,660000,8430,低楼层(共18层) 暂无数据,4
永安佳居 2室2厅 89.2平米,东南,精装,830000,830000,9261,中楼层(共6层) 塔楼,142
博闻八里锦汇 2室2厅 81.27平米,东北,精装,1250000,1250000,15381,高楼层(共30层) 2011年建板楼,350
新巢小区一期 1室1厅 42.12平米,西南,精装,620000,620000,14720,中楼层(共10层) 2005年建板楼,38
东升街90号 3室2厅 69.4平米,西南,其他,1100000,1080000,15562,中楼层(共7层) 板塔结合,160
中铁二局玛塞城 2室1厅 73.36平米,南,精装,1450000,1450000,19766,低楼层(共33层) 2015年建塔楼,179
正成艺墅洋房 3室2厅 89.81平米,西南,毛坯,1210000,1200000,13340,中楼层(共8层) 2009年建板楼,167
清水路苑 2室1厅 89平米,南,精装,1220000,1190000,13371,高楼层(共18层) 2012年建板楼,192
华西雅筑 2室1厅 71.69平米,东北,精装,1157000,1160000,16093,低楼层(共23层) 2013年建板塔结合,32
恒大西锦城 2室2厅 86.76平米,东北,精装,1500000,1500000,17290,低楼层(共29层) 2012年建塔楼,70
芳草西一街4号 3室1厅 92.73平米,东北,毛坯,1270000,1270000,13696,低楼层(共7层) 1998年建板楼,6
景茂名都东郡 2室1厅 87.24平米,南,精装,1200000,1200000,13756,中楼层(共15层) 2016年建塔楼,33
沙河源街道川建社区 2室2厅 74.52平米,南 北,其他,710000,700000,9340,低楼层(共7层) 板楼,42
中国铁建北湖国际城二期 3室1厅 91平米,西,其他,1400000,1390000,15231,中楼层(共35层) 2018年建板塔结合,8
上东一号三期 3室2厅 88.44平米,西,精装,1450000,1450000,16373,中楼层(共18层) 2014年建板塔结合,62
江安河畔 3室2厅 87.7平米,西,简装,1056000,1060000,12042,高楼层(共11层) 暂无数据,25
青房尚瑞天韵 3室2厅 125平米,南,精装,1748000,1760000,14080,低楼层(共26层) 2009年建塔楼,248
蓝光金楠府 3室1厅 83.98平米,西北,精装,1580000,1580000,18815,高楼层(共16层) 2013年建塔楼,43
铸信境界 车位,南,其他,150000,150000,4910,地下室 塔楼,39
御源大湖区 2室2厅 75.07平米,东南,精装,1030000,1010000,13401,高楼层(共18层) 2012年建塔楼,133
保利城三期 3室1厅 86.29平米,东,简装,1150000,1140000,13212,高楼层(共18层) 2015年建板楼,88
泰华大厦 2室1厅 87.23平米,东南,简装,1820000,1800000,20636,中楼层(共34层) 1999年建塔楼,164
青房尚瑞天韵 2室2厅 89.54平米,西南,简装,1080000,1080000,12062,高楼层(共26层) 2009年建塔楼,41
怡景阳光(石家碾东路) 2室2厅 73平米,东南,精装,550000,530000,7246,中楼层(共15层) 塔楼,77
佳兆业丽晶港 3室2厅 88.75平米,东南,精装,1420000,1390000,15662,低楼层(共40层) 2012年建板塔结合,44
佳年华新生活A区 3室2厅 79.18平米,东,精装,875000,880000,11051,中楼层(共31层) 2016年建塔楼,387
铸信境界 3室2厅 89.87平米,南,简装,1940000,1910000,21253,低楼层(共28层) 2009年建塔楼,39
中海右岸二期 3室1厅 87.27平米,东,其他,1650000,1620000,18564,高楼层(共33层) 2018年建板塔结合,33
嘉祥瑞庭南城 2室1厅 76.44平米,东南,精装,1600000,1580000,20605,高楼层(共33层) 2017年建塔楼,52
名人苑 1室0厅 32.9平米,东南,精装,470000,470000,14286,中楼层(共11层) 板塔结合,62
鼎犀名城 3室2厅 74.8平米,西北,精装,990000,990000,13236,中楼层(共24层) 2017年建板塔结合,62
菁华园 1室1厅 52.76平米,西北,简装,588000,590000,11145,低楼层(共6层) 2001年建板楼,2
天府江南C区 2室2厅 79.32平米,西南,简装,810000,810000,10212,高楼层(共18层) 板楼,35
五彩城 3室2厅 96.98平米,东南,精装,1075000,1080000,11085,中楼层(共32层) 塔楼,281
俊发星雅俊园 车位,东南,其他,85000,90000,2362,地下室 塔楼,8
蜀都惠园 2室1厅 71.43平米,东 西南,其他,1360000,1360000,19040,低楼层(共33层) 2010年建塔楼,1
东立国际广场 2房间1卫 53.98平米,西南,简装,355000,360000,6577,高楼层(共20层) 2008年建板楼,760
俊发星雅俊园 3室2厅 85.35平米,南,精装,1763000,1770000,20657,中楼层(共26层) 2015年建塔楼,14
天赐江陵半岛 2室2厅 79.05平米,西南,精装,808000,810000,10222,低楼层(共18层) 塔楼,447
保利叶语 3室1厅 91.5平米,北,精装,1620000,1600000,17443,中楼层(共32层) 2015年建板塔结合,186
瑞丰花园 2室2厅 86.75平米,南,简装,1030000,1030000,11874,中楼层(共16层) 2007年建板楼,55
我的大学 1室1厅 41.35平米,南,简装,449000,450000,10859,中楼层(共27层) 板塔结合,19
嘉和园一期 2室2厅 77平米,东南,简装,975000,980000,12663,低楼层(共6层) 2002年建板楼,30
珠江青云台 2室1厅 78平米,南,简装,1070000,1050000,13462,低楼层(共33层) 板塔结合,236
保利紫薇花语 3室2厅 79.67平米,东南,精装,1325000,1330000,16632,高楼层(共27层) 2017年建板塔结合,80
新都花园一期 3室2厅 135.19平米,南,简装,1120000,1110000,8211,低楼层(共6层) 2002年建板楼,347
长城园 1室1厅 54.01平米,南,精装,1100000,1090000,20182,高楼层(共22层) 2001年建板楼,23
国光九街坊 2室2厅 65平米,南,其他,820000,800000,12308,低楼层(共7层) 2000年建板塔结合,73
营通街57号 2室2厅 87.31平米,东北,精装,1010000,1010000,11568,低楼层(共7层) 1995年建板楼,141
一江城花 1室0厅 42.94平米,东,精装,440000,440000,10131,高楼层(共7层) 板楼,2
格调城 2室1厅 76.38平米,东南,精装,860000,860000,11260,高楼层(共18层) 2012年建塔楼,10
财富中心 1室0厅 33.34平米,东南,其他,1370000,1370000,41092,高楼层(共30层) 2005年建板塔结合,80
玉林南路104号 2室1厅 66.32平米,南,精装,788000,790000,11882,高楼层(共7层) 1999年建板楼,26
抚琴西南街45号 2室1厅 69.57平米,东南,其他,668000,670000,9602,高楼层(共7层) 板楼,16
钢管厂三区 2室1厅 58.05平米,南,简装,880000,830000,14299,高楼层(共6层) 板楼,12
红枫岭三期 2室2厅 89.22平米,西北,精装,1345000,1350000,15076,高楼层(共28层) 2009年建板塔结合,2
南湖逸家二期 3室1厅 83.54平米,东南,精装,1595000,1600000,19093,中楼层(共33层) 2017年建板塔结合,59
新鸿基悦城 2室1厅 150.08平米,西,其他,2400000,2350000,15659,低楼层(共33层) 2017年建板塔结合,9
优品道一期 4室2厅 180.34平米,南,精装,4800000,4790000,26561,高楼层(共11层) 2006年建板塔结合,4
莲花新区北一巷10号 2室1厅 79平米,南 北,简装,900000,890000,11266,中楼层(共7层) 1999年建板楼,244
凯德世纪名邸 3室1厅 93平米,东,简装,2650000,2650000,28495,高楼层(共22层) 2016年建板塔结合,10
城市理想 1室0厅 34.66平米,北,精装,1380000,1350000,38950,高楼层(共37层) 2010年建板塔结合,6
蓝润华府春天 3室2厅 91.6平米,东南,精装,1120000,1100000,12009,高楼层(共17层) 板楼,244
龙都国际 3室2厅 104平米,东南,精装,1100000,1100000,10577,高楼层(共26层) 2017年建板塔结合,34
金林俊景 2室2厅 78.22平米,东,简装,1300000,1280000,16365,低楼层(共15层) 2009年建板楼,158
交大香洲半岛南庭 2室2厅 88.76平米,北,简装,850000,830000,9329,低楼层(共18层) 2009年建板楼,424
蓝光金悦金沙 3室1厅 84.85平米,东南,精装,1415000,1400000,16406,中楼层(共20层) 2017年建板塔结合,380
元益花园 3室1厅 83平米,东 西,简装,1298000,1260000,15145,中楼层(共21层) 2014年建板楼,84
翡翠城一期 2室1厅 82.65平米,东南,精装,2188000,2190000,26474,中楼层(共11层) 2004年建板塔结合,215
三合嘉苑 1室1厅 52平米,南,其他,430000,430000,8270,低楼层(共11层) 板楼,36
棠府锦绣城 2室1厅 66.23平米,东,其他,1020000,1010000,15175,低楼层(共13层) 2017年建板塔结合,6
桂湖名城一期 3室2厅 111.42平米,东南,精装,1190000,1190000,10681,高楼层(共26层) 2012年建板塔结合,770
百悦城云景 2房间1卫 36.37平米,南,精装,390000,390000,10724,中楼层(共20层) 2016年建板塔结合,57
大有巷1号 2室1厅 60.92平米,北,简装,1080000,1060000,17400,高楼层(共5层) 1980年建暂无数据,14
瑞升望江橡树林二期 4室1厅 123.78平米,西南,精装,3600000,3580000,28923,中楼层(共34层) 板塔结合,170
和信孔雀天成 3室1厅 120.51平米,东南 西北,精装,1480000,1450000,11991,低楼层(共33层) 板塔结合,52
美城云庭 2室2厅 83.6平米,东,精装,1420000,1420000,16974,高楼层(共33层) 2014年建板塔结合,284
锦西国际 1室0厅 24.07平米,东南,简装,220000,220000,9141,低楼层(共22层) 2008年建塔楼,458
钢管厂五区 2室1厅 70.49平米,东北,简装,810000,800000,11279,中楼层(共6层) 板楼,30
富力桃园B区 3室2厅 85.08平米,东,精装,1020000,1000000,11754,低楼层(共32层) 2015年建板塔结合,57
工农院街82号 2室1厅 80.69平米,东,简装,900000,900000,11154,中楼层(共7层) 1995年建板楼,386
状元府邸(新都) 4室1厅 155.08平米,东南 东北,简装,1350000,1080000,6965,高楼层(共6层) 2005年建板楼,34
南城都汇汇朗园五期 3室1厅 89.42平米,南,精装,1940000,1920000,21472,中楼层(共18层) 板楼,13
龙域都市兰亭 3室2厅 97.6平米,南,毛坯,580000,570000,5841,中楼层(共18层) 板塔结合,197
保利金香槟 3室1厅 97.1平米,东南,精装,1930000,1930000,19877,高楼层(共18层) 2012年建板塔结合,54
百悦天鹅湖 2室2厅 84平米,东,精装,1230000,1230000,14584,高楼层(共32层) 2015年建板塔结合,53
金河谷五期 3室2厅 76.31平米,西南,毛坯,960000,960000,12581,中楼层(共34层) 2016年建板塔结合,86
果壳里的城 1室1厅 60.67平米,东,精装,940000,920000,15165,低楼层(共34层) 2015年建塔楼,24
长柏路108号 2室2厅 70.34平米,南,简装,530000,500000,7038,高楼层(共7层) 1999年建板楼,252
青南美湾 2室2厅 71.54平米,东 南,精装,1200000,1180000,16495,高楼层(共24层) 板楼,197
南湖国际社区 2室2厅 84.02平米,东南,精装,1550000,1530000,18163,低楼层(共34层) 2010年建板塔结合,64
红牌楼北街21号 3室2厅 65.08平米,西南,精装,990000,990000,15213,低楼层(共7层) 1998年建板楼,66
中德英伦世邦K区 3室2厅 90.82平米,西南,精装,2300000,2270000,24973,中楼层(共33层) 2017年建板塔结合,180
蓝光锦绣城 1房间0卫 47.55平米,西南,简装,440000,440000,9254,中楼层(共33层) 2014年建板塔结合,53
佳兆业丽晶港 4室2厅 123.29平米,东,精装,2020000,1950000,15817,低楼层(共33层) 2012年建板塔结合,196
合能珍宝琥珀 3室2厅 81.75平米,东,精装,1080000,1080000,13212,高楼层(共34层) 2014年建板塔结合,18
上锦颐园 2室1厅 64.1平米,东南,简装,490000,490000,7645,高楼层(共25层) 2008年建板塔结合,28
中德英伦联邦B区 4室2厅 141.23平米,东南 西北,精装,2800000,2690000,19047,高楼层(共43层) 2015年建板塔结合,16
西财学府憬城 2室2厅 74.77平米,东南,毛坯,800000,800000,10633,低楼层(共26层) 2014年建板塔结合,746
中信未来城北区 4室2厅 100.68平米,西北,精装,1310000,1290000,12794,中楼层(共33层) 2013年建塔楼,84
三都汇朝外 3室1厅 86.95平米,南,毛坯,1410000,1400000,16102,中楼层(共32层) 塔楼,657
摩玛新城 1房间1卫 36平米,东南,精装,307000,310000,8528,中楼层(共23层) 2013年建板塔结合,58
南湖半岛 2室2厅 62.6平米,西北,简装,1164000,1120000,17828,中楼层(共32层) 2015年建塔楼,58
保利叶语 3室2厅 81.52平米,东,精装,1500000,1480000,18094,高楼层(共32层) 2015年建板塔结合,86
成博小区 2室2厅 86平米,南,简装,790000,790000,9187,高楼层(共18层) 2010年建塔楼,724
远洋朗郡 3室1厅 90.99平米,东南,精装,1446000,1450000,15892,中楼层(共17层) 2012年建板楼,20
合能珍宝琥珀 2室1厅 67.6平米,北,其他,840000,840000,12381,低楼层(共34层) 2014年建板塔结合,5
聚贤雅丽园 3室2厅 124.26平米,南,精装,880000,880000,7082,中楼层(共6层) 2005年建板楼,9
中铁伊萨贝拉 1室1厅 63.65平米,西南,简装,648000,650000,10181,低楼层(共26层) 2010年建板塔结合,67
置信逸都C区 3室1厅 95.73平米,东南,精装,1070000,1050000,10969,低楼层(共33层) 2012年建板塔结合,17
中大君悦金沙七期君逸院 3室2厅 87.92平米,南 北,精装,2460000,2460000,27935,高楼层(共20层) 2014年建板楼,233
欣宇都市港湾 3室1厅 111.37平米,东北,简装,1550000,1540000,13828,中楼层(共16层) 2010年建板楼,79
通瑞月光湖 2室1厅 76.37平米,东,精装,1020000,1030000,13422,高楼层(共23层) 2012年建塔楼,80
中海城南一号一期 2室2厅 89.63平米,东 西,精装,3850000,3830000,42732,中楼层(共23层) 2012年建板塔结合,55
华润凤凰城三期 3室1厅 106平米,西南,精装,3200000,3150000,29717,低楼层(共32层) 2013年建塔楼,8
中大君悦金沙七期君逸院 车位,东南,其他,100000,100000,2705,地下室 塔楼,32
优品道三期 1室1厅 64.08平米,东,精装,1500000,1470000,22941,高楼层(共21层) 2010年建板塔结合,73
东林城市花园 2室1厅 74.87平米,西,简装,968000,970000,12930,高楼层(共18层) 2008年建塔楼,27
怡景城市花苑 3室1厅 73.36平米,南,毛坯,870000,820000,11178,中楼层(共26层) 2013年建塔楼,17
鸿阁新座 2室1厅 58.52平米,东,精装,1150000,1150000,19652,高楼层(共29层) 2013年建板塔结合,62
保利叶语 3室1厅 81.03平米,北,精装,1460000,1450000,17846,高楼层(共27层) 2015年建板塔结合,83
光华逸家 3室1厅 90.38平米,西南,简装,2180000,2180000,24121,高楼层(共22层) 2014年建板塔结合,71
一环路北一段279号 1室1厅 61.14平米,西北,精装,906000,910000,14819,高楼层(共25层) 2013年建板楼,398
天鹅湖北苑 2室1厅 81.83平米,南,简装,1400000,1400000,17109,高楼层(共31层) 2007年建板塔结合,182
名著司南 3室2厅 87.6平米,南 北,精装,1720000,1720000,19635,中楼层(共32层) 2014年建板塔结合,14
兴蓉北街3号 2室1厅 69.67平米,南,简装,800000,800000,11483,中楼层(共7层) 1998年建板楼,22
西城公馆 1室1厅 54.61平米,东南,简装,750000,740000,13478,中楼层(共30层) 2010年建平房,166
华林西苑 1室1厅 47.39平米,东南,简装,527000,530000,11121,中楼层(共6层) 2006年建板楼,31
万科金色城市二期 3室2厅 75.61平米,东南,精装,1385000,1390000,18318,低楼层(共35层) 2017年建板塔结合,20
世豪瑞丽 3室1厅 91.06平米,东北,精装,2000000,2000000,21964,中楼层(共39层) 2013年建塔楼,134
美丽天城 2室1厅 83.33平米,东,简装,1320000,1250000,15001,高楼层(共16层) 2008年建板楼,37
启明公寓 3室2厅 121平米,西 西北,简装,2150000,2150000,17769,高楼层(共26层) 2000年建板塔结合,4
世茂城四期 3室2厅 85.85平米,东南,精装,1280000,1260000,14677,低楼层(共41层) 2016年建塔楼,355
北湖龙郡 2室2厅 86.5平米,东南,简装,1039000,950000,10983,中楼层(共33层) 板塔结合,172
天邑花园 2室1厅 94.48平米,西,精装,1690000,1680000,17782,高楼层(共11层) 2008年建塔楼,3
蓝谷地天域 3室2厅 87.93平米,西南,简装,1530000,1530000,17401,高楼层(共34层) 2010年建塔楼,158
左右 3房间1卫 60.66平米,西,简装,600000,600000,9892,低楼层(共25层) 2010年建塔楼,25
百花芳邻 3室2厅 92.54平米,南,其他,2000000,1980000,21397,中楼层(共6层) 2000年建板塔结合,7
罗马国际 1室0厅 41.82平米,南,精装,930000,900000,21521,中楼层(共20层) 2006年建板楼,116
武侯名园 2室1厅 95.86平米,西北,简装,1335000,1340000,13927,中楼层(共14层) 2001年建暂无数据,81
万基金蓝湾 5室1厅 188.8平米,东南,精装,1390000,1390000,7363,高楼层(共24层) 2009年建板塔结合,61
红牌楼北街5号 1室1厅 38.28平米,西南,简装,435000,440000,11364,中楼层(共7层) 2000年建板楼,61
银海花园六期 2室2厅 85.75平米,北,精装,650000,640000,7417,低楼层(共6层) 板楼,189
傲城 2室1厅 76.54平米,北 东北,精装,1085000,1070000,13928,中楼层(共31层) 2015年建板塔结合,57
曼哈顿自然派 1室1厅 65平米,南,简装,850000,820000,12616,中楼层(共20层) 2005年建板楼,245
西景花园 2室2厅 82.26平米,东南,精装,1330000,1300000,15780,中楼层(共11层) 2004年建塔楼,24
华府金沙 4室2厅 141.97平米,西北,简装,3000000,3000000,21132,低楼层(共32层) 2008年建塔楼,227
朝阳时代西锦 3室2厅 86.73平米,南,精装,946000,930000,10723,高楼层(共33层) 2014年建板塔结合,37
邦泰华府公馆 2室2厅 62.53平米,西南,毛坯,880000,870000,13898,低楼层(共17层) 2016年建板塔结合,25
高盛金融中心 4室1厅 164平米,北,其他,3800000,3650000,22257,高楼层(共38层) 2015年建板塔结合,18
幸福枫景 4室1厅 155.83平米,东北,精装,2290000,2290000,14696,中楼层(共11层) 2001年建板塔结合,76
中铁西郡英华二期 3室1厅 89.99平米,南,精装,980000,980000,10891,低楼层(共31层) 2013年建板塔结合,30
德坤汀城 2室2厅 73平米,东,其他,610000,610000,8302,中楼层(共18层) 板塔结合,6
中房学府海棠一期 2室2厅 87.57平米,东南,简装,900000,900000,10278,中楼层(共27层) 2013年建塔楼,85
南湖国际社区 2室1厅 89.07平米,东,其他,1480000,1480000,16617,低楼层(共34层) 2010年建板塔结合,24
三合嘉苑 2室1厅 87.55平米,南,简装,690000,690000,7882,中楼层(共11层) 板楼,4
天悦龙栖台 3室2厅 89.31平米,东南,毛坯,930000,930000,10414,低楼层(共33层) 2016年建塔楼,53
交大万嘉季柳园 3室1厅 117.29平米,东北,精装,1160000,1160000,9891,低楼层(共26层) 2013年建板塔结合,19
传化国际新城 3室1厅 84.41平米,东南,精装,880000,880000,10426,中楼层(共27层) 2015年建板塔结合,16
海峡新城四期 3室2厅 75.14平米,东南,简装,820000,780000,10380,高楼层(共6层) 2007年建板塔结合,624
蜀都花园 2室1厅 97平米,南,简装,1540000,1540000,15877,中楼层(共26层) 2003年建塔楼,291
馨光华庭 2室2厅 90.48平米,东南,简装,1330000,1320000,14589,中楼层(共20层) 2000年建板楼,16
万基兰御 3室1厅 80.81平米,东南,精装,1370000,1350000,16663,中楼层(共18层) 2013年建板楼,318
天地晨光丽景 3室2厅 131.15平米,南 北,精装,1250000,1220000,9265,高楼层(共6层) 2005年建板楼,200
南湖逸家二期 3室2厅 66.11平米,东,精装,1290000,1290000,19483,中楼层(共32层) 2017年建板塔结合,40
东山国际新城H区二期 2室1厅 71平米,东南,毛坯,850000,830000,11677,中楼层(共25层) 2015年建塔楼,28
复地御香山 5室2厅 430.98平米,东南,毛坯,7300000,7200000,16707,低楼层(共3层) 2016年建板楼,11
麓湖生态城麒麟荟 4室2厅 218平米,南,毛坯,6540000,6230000,28578,低楼层(共5层) 塔楼,266
星光华印象 3室1厅 86.14平米,南,毛坯,1000000,990000,11435,低楼层(共42层) 2017年建板塔结合,318
漫城 3室1厅 133.87平米,西南,精装,1190000,1170000,8715,中楼层(共11层) 2009年建塔楼,11
和信孔雀天成 2室2厅 89平米,东南,毛坯,1060000,1040000,11630,中楼层(共33层) 2015年建板塔结合,7
万科第五城 4室2厅 116.99平米,北,精装,1700000,1700000,14532,中楼层(共26层) 板塔结合,50
香榭国际 3房间2卫 41.44平米,南,毛坯,500000,500000,12066,高楼层(共13层) 2012年建塔楼,48
宏济新路95号 3室1厅 56.76平米,西北,简装,680000,680000,11981,中楼层(共6层) 1985年建板塔结合,16
中铁二局玛塞城 1室1厅 42.8平米,东南,精装,680000,680000,15888,高楼层(共24层) 2015年建塔楼,144
上游小区南区 2室1厅 72平米,南,精装,620000,610000,8417,低楼层(共11层) 板塔结合,40
金府SOHO 2房间1卫 44.7平米,东南,其他,330000,280000,6264,中楼层(共31层) 2011年建塔楼,46
现代城人民公园 1室1厅 50.16平米,东南,简装,695000,680000,13457,中楼层(共23层) 2004年建板楼,49
浅水半岛一期 2室1厅 87.79平米,东南,精装,1400000,1400000,15891,低楼层(共27层) 2008年建塔楼,201
置信逸都D区 3室1厅 93.43平米,东南,简装,650000,650000,6958,高楼层(共21层) 2014年建板塔结合,151
金沙十年 3室1厅 87.97平米,西南,精装,1690000,1670000,18984,高楼层(共25层) 2012年建板塔结合,56
蓝光富丽花城 3室1厅 113平米,南,精装,1745000,1730000,15310,高楼层(共18层) 2008年建板塔结合,14
富力桃园B区 3室2厅 98.59平米,东南,其他,1176000,1180000,11929,高楼层(共32层) 2017年建板塔结合,45
中国铁建北湖国际城二期 3室1厅 91平米,北,精装,1360000,1380000,15165,中楼层(共35层) 2018年建板塔结合,181
电子路段94号 3室2厅 138.06平米,南,其他,680000,660000,4781,中楼层(共5层) 塔楼,8
清水河畔 2室1厅 71.88平米,西北,简装,988000,990000,13746,高楼层(共23层) 2008年建板塔结合,412
东山国际新城H区三期 2室1厅 70.3平米,西北,精装,890000,880000,12518,高楼层(共30层) 板塔结合,151
新尚天地 3室1厅 85平米,南,精装,1053000,1060000,12389,低楼层(共31层) 2017年建塔楼,195
东原城 3室2厅 86平米,南,精装,863000,870000,10035,低楼层(共34层) 2015年建板塔结合,332
双华麓港 2室1厅 77.98平米,东,精装,1270000,1270000,16287,高楼层(共26层) 板塔结合,47
恒大豪庭 2室2厅 73.42平米,东,简装,1430000,1430000,19477,高楼层(共30层) 2017年建板塔结合,136
棠湖泊林城 3室1厅 107.38平米,南,精装,1620000,1600000,14901,高楼层(共33层) 2017年建板塔结合,59
金辉悦府 2室2厅 72.23平米,东南,精装,820000,820000,11353,高楼层(共18层) 2015年建塔楼,317
蓝光圣菲town城 2室2厅 77平米,北 西,精装,1050000,1050000,13637,中楼层(共23层) 2009年建板塔结合,30
中海翠屏湾 3室2厅 88.5平米,北,精装,1960000,1960000,22147,中楼层(共18层) 2009年建板塔结合,265
派克公馆 2室2厅 87.56平米,东南,精装,1000000,1000000,11421,低楼层(共18层) 2011年建板塔结合,743
卓锦城五期 3室1厅 87.99平米,西南,精装,2020000,2000000,22730,高楼层(共33层) 2012年建塔楼,17
北欧知识城二期 3室2厅 103平米,南,简装,1070000,1050000,10195,中楼层(共31层) 板塔结合,47
传化国际新城 3室1厅 89.74平米,南,其他,950000,930000,10364,中楼层(共34层) 2015年建板塔结合,6
金辉悦府 2室1厅 72.55平米,东北,精装,930000,930000,12819,中楼层(共18层) 2015年建塔楼,24
宏济上路88号 3室0厅 68.48平米,西北,毛坯,660000,660000,9638,低楼层(共6层) 板楼,36
国奥村 3室1厅 125平米,西,精装,1900000,1880000,15024,低楼层(共13层) 2012年建板楼,80
丽水澜庭B区 2室1厅 75.32平米,西,简装,940000,930000,12348,低楼层(共18层) 板塔结合,411
东山国际新城C区 3室2厅 141.52平米,南,简装,1520000,1450000,10246,中楼层(共17层) 2009年建塔楼,289
一环路南二段7号 2室1厅 64.91平米,南,简装,850000,850000,13096,高楼层(共6层) 1995年建板楼,158
保利城三期 3室1厅 85.51平米,东南,简装,1190000,1190000,13917,低楼层(共18层) 2015年建塔楼,5
领馆国际城 2室2厅 82.77平米,北,简装,1380000,1320000,15948,低楼层(共28层) 2013年建板塔结合,88
武海中华青城 2室2厅 111平米,东南,其他,1600000,1590000,14325,低楼层(共2层) 2013年建板塔结合,58
红光苑(郫都) 3室2厅 90.19平米,东南,简装,575000,580000,6376,高楼层(共6层) 2005年建板楼,465
华都美林湾 2室1厅 89.66平米,东南,精装,1568000,1570000,17489,中楼层(共30层) 2012年建板塔结合,5
舜和家园A区 3室1厅 89.14平米,西,精装,1190000,1190000,13350,高楼层(共28层) 2009年建塔楼,35
保利春天花语 3室1厅 94.74平米,南,其他,1460000,1440000,15200,中楼层(共24层) 2015年建塔楼,159
山水四季城 2室1厅 89.26平米,东南,精装,1030000,1020000,11405,中楼层(共26层) 2015年建板塔结合,77
麓山国际茵特拉肯A 5室2厅 220.53平米,南 北,简装,4080000,4000000,18139,低楼层(共11层) 2011年建板楼,21
十里彩云间 1室1厅 46.8平米,西南,简装,450000,450000,9616,中楼层(共9层) 2007年建塔楼,5
人居都市阳光 2室1厅 95平米,东南,其他,1050000,1050000,11053,低楼层(共18层) 2010年建板塔结合,15
中德麓府 3室2厅 121.78平米,南 西南,毛坯,1790000,1760000,14453,中楼层(共32层) 2018年建板塔结合,57
鼓楼北三街80号 1室1厅 39.7平米,西南,毛坯,490000,490000,12343,中楼层(共7层) 1990年建平房,222
中铁丽景书香 3室2厅 72平米,西南,精装,840000,840000,11667,高楼层(共33层) 2017年建板塔结合,88
华润二十四城五期 3室2厅 87.29平米,东北,精装,2230000,2200000,25204,中楼层(共32层) 2014年建塔楼,5
金地天府城 2室2厅 79平米,东,精装,1440000,1440000,18228,中楼层(共39层) 2015年建板塔结合,6
万科金域蓝湾一期 5室2厅 171平米,东 西,其他,5500000,4950000,28948,高楼层(共34层) 2009年建塔楼,35
中铁丽景书香 3室1厅 83.85平米,东北 西南,毛坯,880000,870000,10352,低楼层(共23层) 2016年建板塔结合,51
蜀风花园城 4室2厅 217.65平米,西南,简装,4515000,4320000,19849,低楼层(共6层) 2004年建板楼,460
太阳公元一期 2室1厅 82.96平米,西北,精装,2430000,2390000,28810,高楼层(共25层) 2015年建板塔结合,56
财富又一城 1室1厅 57.67平米,西南,精装,1160000,1150000,19942,中楼层(共34层) 2010年建塔楼,30
天元山庄二期 3室2厅 103.53平米,东南,精装,790000,790000,7631,中楼层(共6层) 2007年建板楼,41
东林小区 1室1厅 46.73平米,东,其他,466000,470000,9973,高楼层(共6层) 2003年建板楼,56
海科名城 3室2厅 126.49平米,西南,精装,1300000,1260000,9962,高楼层(共11层) 2011年建板楼,209
电建地产云立方 3室1厅 121.24平米,西北,精装,1780000,1740000,14352,高楼层(共34层) 2015年建板塔结合,20
金阳易诚国际 2室1厅 72.88平米,北,其他,1130000,1100000,15094,中楼层(共22层) 2010年建塔楼,44
东苑D区 3室1厅 101平米,南,精装,2230000,2230000,22080,低楼层(共26层) 2009年建板塔结合,60
新都国际广场一期 3室2厅 93.85平米,东北,简装,900000,840000,8930,低楼层(共11层) 2014年建板塔结合,68
骑士郡 1室1厅 48.69平米,西南,精装,625000,620000,12734,高楼层(共16层) 2016年建塔楼,72
棕榈长滩 3室2厅 175.83平米,东 西,精装,2940000,2940000,16721,中楼层(共32层) 2013年建板楼,38
滨江和城 3室2厅 93.66平米,东南,毛坯,1500000,1500000,16016,低楼层(共31层) 2018年建板塔结合,203
阳光365 车位,东 西,毛坯,150000,150000,4653,地下室 2005年建塔楼,809
温哥华花园 3室1厅 133.13平米,南,简装,1340000,1340000,10066,低楼层(共6层) 2006年建板楼,168
中房优山PLUS 3室2厅 94.72平米,西南,精装,2100000,2080000,21960,低楼层(共32层) 2018年建板塔结合,251
绿地之窗 2室1厅 66.98平米,东南,其他,1450000,1450000,21649,低楼层(共30层) 塔楼,31
领馆区1号 4室1厅 117.73平米,西,精装,1880000,1880000,15969,中楼层(共32层) 2009年建塔楼,281
合能四季城二期 3室1厅 79.52平米,东南,简装,1060000,1060000,13330,低楼层(共28层) 2014年建板塔结合,24
西府少城 2室1厅 75.13平米,东南,精装,2030000,2030000,27020,高楼层(共33层) 2010年建板塔结合,10
天晨花溪碧 3室2厅 89.69平米,东,其他,900000,900000,10035,低楼层(共26层) 2012年建塔楼,7
诚卓江东半岛 3室2厅 99.34平米,东,毛坯,1028000,1000000,10055,高楼层(共23层) 塔楼,64
恒大帝景 1室1厅 50.16平米,东南,精装,540000,540000,10726,中楼层(共29层) 2016年建塔楼,10
香山半岛 2室2厅 89.13平米,东,简装,1360000,1360000,15259,高楼层(共26层) 板塔结合,19
抚琴东北路 2室1厅 55.94平米,西南,精装,650000,650000,11620,高楼层(共6层) 1999年建板楼,63
八里阳光 3室2厅 113平米,东 东南 南,其他,1850000,1800000,15930,中楼层(共18层) 2007年建板楼,31
金沙美邻丽锦苑 1室1厅 47.82平米,东南,精装,730000,700000,14639,高楼层(共6层) 2008年建板塔结合,76
银杏新苑 3室2厅 89.66平米,西北,简装,390000,390000,4339,中楼层(共6层) 板楼,257
ICC凯旋门 2室1厅 110.83平米,东,毛坯,2968000,2980000,26833,高楼层(共43层) 2018年建塔楼,300
长寿苑 2室1厅 68.49平米,南 北,毛坯,860000,850000,12411,中楼层(共6层) 2003年建板塔结合,303
心怡紫晶城 3室2厅 127.25平米,东南,毛坯,1890000,1880000,14759,低楼层(共31层) 2011年建塔楼,221
蓝光观岭国际社区花湖 4室2厅 210.16平米,南,毛坯,2880000,2650000,12610,低楼层(共3层) 塔楼,142
泡桐树街7号 2室1厅 68.1平米,南 北,简装,2400000,2380000,34949,高楼层(共7层) 板楼,9
香港城 3室2厅 114.29平米,东南,毛坯,960000,930000,8100,高楼层(共31层) 1990年建塔楼,492
紫御熙庭 2室1厅 57.18平米,南,精装,1360000,1350000,23610,中楼层(共22层) 2016年建塔楼,56
圣采泊尚 3室2厅 81.64平米,北,简装,1180000,1180000,14405,高楼层(共28层) 2015年建板塔结合,21
锦江城市花园二期 3室1厅 87.37平米,西南,其他,1430000,1400000,16001,低楼层(共34层) 2010年建板塔结合,36
七彩花都B区一期 3室2厅 101.25平米,南 北,精装,1138000,1130000,11161,低楼层(共5层) 2008年建板楼,84
龙门镇二期 2室1厅 67.49平米,东 东北,精装,1235000,1240000,18300,低楼层(共33层) 2013年建塔楼,109
机车厂宿舍 2室1厅 54.45平米,南,简装,495000,490000,9000,高楼层(共5层) 板楼,263
绿地国际花都三期 1室1厅 50.65平米,东南,简装,580000,580000,11313,高楼层(共32层) 2014年建塔楼,64
蓝润v客尚东一期 3室1厅 74平米,南 北,精装,1150000,1120000,15136,中楼层(共34层) 2015年建板塔结合,31
兴元花园二期 2室2厅 96.17平米,南,其他,1350000,1330000,13830,中楼层(共8层) 2002年建板塔结合,3
怡心园 3室1厅 57.13平米,东南 南,简装,680000,680000,11903,低楼层(共6层) 1999年建板楼,195
中信城左岸 3室1厅 90.31平米,东,精装,1850000,1870000,20707,低楼层(共33层) 板楼,25
南城都汇汇彩园 3室2厅 92.08平米,北,毛坯,2200000,2090000,22698,低楼层(共22层) 2019年建板塔结合,161
幸福里 1室1厅 49.15平米,南,精装,580000,560000,11394,中楼层(共11层) 2010年建塔楼,18
幸福里 1室1厅 47.07平米,南,精装,555000,560000,11791,中楼层(共11层) 2008年建塔楼,12
普罗旺斯 3室2厅 134.9平米,东南,精装,1950000,1950000,14419,中楼层(共6层) 2004年建板楼,34
北回归线一期 1室1厅 64.32平米,西南,简装,768000,760000,11785,高楼层(共22层) 2009年建板塔结合,209
傲城 3室2厅 103.69平米,东,精装,1550000,1590000,15315,低楼层(共31层) 2015年建板塔结合,36
金沙路117号 4室2厅 111.94平米,南,其他,1320000,1300000,11614,中楼层(共7层) 1999年建板楼,162
凯德风尚 3室2厅 129平米,西南,精装,3100000,3000000,23255,中楼层(共19层) 2012年建板塔结合,134
朗基龙堂 1室1厅 49.81平米,西,精装,1060000,1060000,21281,低楼层(共26层) 2011年建板塔结合,66
大华水映岛 5室2厅 194.68平米,南 北,精装,2400000,2220000,11404,高楼层(共5层) 2009年建板塔结合,649
金沙御苑 3室2厅 97.82平米,西南,简装,1953000,1960000,19966,低楼层(共14层) 2013年建板楼,39
华都星公馆一期 2室2厅 89.01平米,西南,精装,970000,970000,10898,高楼层(共6层) 2004年建板楼,180
天下青城D区 1室1厅 61.66平米,东南,其他,310000,310000,5028,低楼层(共6层) 暂无数据,2
东方明珠花园西区 2室1厅 90.8平米,东南,其他,1340000,1340000,14758,高楼层(共6层) 2005年建板楼,5
西湖半岛 2室2厅 80.41平米,西南,毛坯,430000,420000,5224,中楼层(共7层) 2012年建板楼,11
南城都汇汇智园二期 2室1厅 89.66平米,东南,精装,1990000,1950000,21749,低楼层(共18层) 2010年建板塔结合,24
和信派都 3室1厅 112.8平米,南,精装,2350000,2260000,20036,中楼层(共14层) 2010年建板塔结合,32
置信学府杏林一期 2室2厅 85.72平米,东北,毛坯,820000,800000,9333,低楼层(共18层) 2012年建板楼,8
东山国际新城B区 3室2厅 140.63平米,北,简装,1450000,1430000,10169,低楼层(共10层) 2015年建板楼,341
春江青龙湾 2室1厅 80.48平米,南,精装,608000,610000,7555,中楼层(共6层) 2012年建板楼,46
光华馨地 2室1厅 80.92平米,西,其他,1325000,1300000,16004,中楼层(共11层) 2006年建板塔结合,216
首创光和城二期 3室2厅 88.76平米,北,精装,1650000,1650000,18590,中楼层(共33层) 2016年建塔楼,30
交大卡布里城 3室2厅 92.08平米,东北,精装,1065000,1070000,11567,中楼层(共25层) 2010年建板塔结合,72
金恒德时代金悦 3室2厅 79.5平米,东南,毛坯,1020000,1020000,12831,中楼层(共31层) 板塔结合,27
嘉美地 2室1厅 74平米,北,精装,1250000,1220000,16419,中楼层(共18层) 2012年建塔楼,424
闲山悦五区 3室2厅 116平米,东,毛坯,988000,970000,8328,低楼层(共8层) 塔楼,16
沙河壹号二期 3室1厅 81.99平米,东北,简装,1520000,1490000,18112,高楼层(共34层) 2013年建塔楼,162
雨竹居 3室2厅 139.78平米,东南,精装,1112000,1120000,7956,高楼层(共6层) 2005年建板楼,30
时代印象 1室1厅 41.31平米,西,简装,535000,520000,12588,中楼层(共14层) 2005年建板塔结合,36
世茂城一期 2室2厅 83.49平米,东南,精装,1200000,1220000,14613,高楼层(共29层) 2012年建板楼,72
蓝光东方天地 4房间2卫 49.31平米,西北,精装,600000,600000,12168,中楼层(共23层) 2015年建板塔结合,567
银诚龙悦中心 2室2厅 70.98平米,西,精装,780000,790000,11018,高楼层(共34层) 板塔结合,56
领馆国际城 3室2厅 100平米,南,简装,1750000,1810000,18050,中楼层(共26层) 2013年建板塔结合,37
金茂光明城市 3室2厅 88.82平米,西,精装,1849000,1840000,20705,中楼层(共33层) 2016年建板塔结合,51
雅居乐十里花巷 4室2厅 143平米,南,其他,1580000,1580000,11049,低楼层(共31层) 2016年建板塔结合,4
嘉年华青年城 4房间2卫 58.37平米,北 南,精装,750000,730000,12507,低楼层(共20层) 2017年建塔楼,42
棕南正街9号 2室1厅 71.14平米,东南,简装,990000,990000,13917,中楼层(共7层) 1998年建板楼,168
大墙西街81号 3室1厅 79.44平米,西北,其他,960000,960000,12085,高楼层(共5层) 暂无数据,3
玉洁东街4号 3室2厅 97平米,南 北,简装,1250000,1200000,12372,高楼层(共6层) 1998年建板楼,442
中海熙苑一期 2室1厅 78.56平米,东南,精装,1500000,1470000,18687,高楼层(共18层) 2017年建板塔结合,178
繁江路南五巷 1室1厅 78.14平米,东,毛坯,290000,240000,2952,低楼层(共2层) 2000年建板楼,201
兴元绿洲一期 3室1厅 92.2平米,西南,精装,1270000,1250000,13504,高楼层(共22层) 2007年建塔楼,33
华邑阳光里 3室2厅 99.37平米,东南,毛坯,1450000,1450000,14592,高楼层(共30层) 2015年建板塔结合,335
鲜花大院 2室1厅 77.05平米,东,精装,801000,810000,10387,低楼层(共18层) 2012年建塔楼,82
启明公寓 3室1厅 121平米,北,简装,2190000,2140000,17686,高楼层(共26层) 2000年建板塔结合,80
中海格林威治城 2室1厅 88.36平米,北,简装,1980000,1960000,22182,中楼层(共30层) 2006年建塔楼,635
合能四季城一期 3室1厅 89.31平米,西南,精装,1200000,1170000,13101,低楼层(共29层) 2013年建板塔结合,160
华润公园九里 3室2厅 93.44平米,北,毛坯,1250000,1250000,13378,高楼层(共27层) 2018年建板塔结合,168
理工东苑 2室1厅 70.99平米,南,精装,1250000,1210000,17045,中楼层(共24层) 2015年建塔楼,51
华宜上锦 2室2厅 75.2平米,西,简装,1150000,1120000,14894,高楼层(共26层) 2014年建塔楼,143
汉嘉国际 3室2厅 91.59平米,东北,其他,1050000,1050000,11465,低楼层(共31层) 板塔结合,61
华都美林湾 3室1厅 124平米,南,精装,2447000,2450000,19732,中楼层(共33层) 2012年建板塔结合,22
龙湖三千城A区 3室2厅 94.78平米,西南,精装,2070000,2040000,21524,中楼层(共34层) 2011年建板楼,193
尚林家园 1室1厅 47.07平米,东南,简装,420000,420000,8923,高楼层(共15层) 2009年建板楼,170
天府名居 3室2厅 104.98平米,东北,精装,2050000,2010000,19147,中楼层(共24层) 2006年建塔楼,7
自由假日 1室1厅 64.69平米,南,其他,340000,340000,5179,低楼层(共11层) 板塔结合,27
中信城左岸 3室2厅 73.56平米,北,精装,1520000,1520000,20664,低楼层(共33层) 板楼,254
东洪广厦 2室1厅 73.77平米,东南,精装,1100000,1050000,14166,低楼层(共33层) 2013年建板塔结合,87
锦绣香城 3室2厅 91.86平米,南,精装,940000,930000,10070,高楼层(共26层) 2011年建板楼,76
泛悦城市广场 2室1厅 67平米,西南,精装,1250000,1250000,18657,高楼层(共32层) 2017年建塔楼,159
华阳滨河花园 3室2厅 123.98平米,南,精装,1800000,1730000,13954,中楼层(共6层) 2003年建板楼,25
翡翠城五期 车位,东南,其他,200000,180000,8101,地下室 2011年建板楼,571
奎星楼街25号 2室1厅 63.6平米,西南,毛坯,1210000,1210000,19026,中楼层(共7层) 1979年建板楼,138
桐梓林欧城 4室2厅 182.87平米,南 北,精装,4580000,4550000,24882,低楼层(共21层) 2009年建板塔结合,31
天府江南C区 3室2厅 81平米,西,简装,720000,720000,8889,低楼层(共26层) 2012年建板楼,34
博雅新城A区 3室1厅 104平米,西南,精装,1105000,1100000,10577,中楼层(共27层) 2013年建塔楼,47
绿地世纪城 1室1厅 50.48平米,北,精装,725000,730000,14363,中楼层(共21层) 2016年建塔楼,334
蓝光金悦府 3室2厅 88.02平米,北,精装,1356000,1360000,15406,高楼层(共24层) 2016年建塔楼,34
佳兆业丽晶公馆 3室1厅 92.89平米,西南,毛坯,1160000,1160000,12488,低楼层(共34层) 2016年建板塔结合,144
金色港湾(凤祥大道) 2室2厅 70.5平米,东南,简装,560000,560000,7873,中楼层(共18层) 板塔结合,8
万科第五城 3室2厅 78平米,东,简装,1180000,1180000,15129,中楼层(共27层) 板塔结合,33
上锦颐园佳境 3室1厅 95.75平米,东,精装,1000000,1000000,10444,高楼层(共26层) 2012年建板塔结合,44
心怡中丝园 3室2厅 87平米,西南,毛坯,1770000,1770000,20345,高楼层(共29层) 2015年建板塔结合,11
滨江和城 3室2厅 81.05平米,西,简装,1335000,1290000,15917,高楼层(共31层) 2018年建板塔结合,5
西府少城 2室1厅 56.98平米,东南,精装,1450000,1450000,25448,低楼层(共32层) 2010年建塔楼,46
幸福世家 2室2厅 79平米,南,其他,750000,730000,9140,低楼层(共11层) 板楼,5
汇丽汀香 3室2厅 73平米,东,简装,1490000,1490000,20411,高楼层(共24层) 2014年建板楼,352
蓝谷地天域 2室2厅 84.41平米,东南,精装,1388000,1390000,16420,中楼层(共31层) 2011年建塔楼,90
世茂城二期 2室1厅 54.53平米,南 北,精装,940000,930000,17037,中楼层(共27层) 2013年建塔楼,62
西西里二期 1室1厅 47.32平米,东南,精装,894000,890000,18703,中楼层(共34层) 2009年建板塔结合,82
千禧公寓B区 3室2厅 114.3平米,南,其他,880000,880000,7700,高楼层(共6层) 板楼,11
东方丽苑 2室1厅 70.72平米,西,简装,800000,790000,11171,低楼层(共29层) 板塔结合,71
玺龙湾 3室1厅 126.68平米,东南,毛坯,1567000,1550000,12236,低楼层(共18层) 2016年建板塔结合,72
华润国际社区 3室1厅 78.76平米,东南 南,精装,1300000,1240000,15694,高楼层(共41层) 2016年建板塔结合,12
太行朗诗金沙城 3室1厅 97平米,东南,毛坯,1980000,1900000,19526,中楼层(共19层) 2018年建塔楼,199
红枫岭二期 2室2厅 88.65平米,西南,精装,1285000,1290000,14496,低楼层(共33层) 2009年建板塔结合,6
万树森林二期 2室1厅 92.69平米,东南,简装,1018000,1020000,10983,高楼层(共18层) 2008年建板塔结合,241
华侨凤凰国际城 2室2厅 75平米,东北,简装,755000,760000,10067,中楼层(共25层) 2016年建板楼,48
景茂城果 2室2厅 66.69平米,南 北,精装,1350000,1350000,20243,高楼层(共25层) 2012年建塔楼,223
三强南路一段195号 3室2厅 95.22平米,东南,精装,815000,800000,8326,低楼层(共6层) 1997年建板楼,131
祥域 2室2厅 91.13平米,南,精装,2090000,2090000,22935,中楼层(共26层) 2009年建塔楼,13
荣盛花语城 2室1厅 61.65平米,东,精装,1225000,1230000,19871,低楼层(共20层) 2014年建塔楼,50
缤纷年华 3室1厅 69.86平米,东北,精装,790000,790000,11309,高楼层(共32层) 2016年建塔楼,25
天朗锦邸 1室1厅 54.02平米,东南,简装,1020000,1020000,18882,低楼层(共39层) 2015年建板楼,374
恒大御景半岛 5室2厅 173平米,南,精装,1250000,1150000,6648,中楼层(共17层) 塔楼,172
摩玛城 2室1厅 90.15平米,南,精装,1610000,1610000,17860,高楼层(共34层) 2011年建板塔结合,41
炜岸城一期 3室1厅 73.68平米,北,精装,1195000,1200000,16219,低楼层(共33层) 2016年建板塔结合,27
蓝光富丽花城 2室2厅 57.55平米,北,简装,890000,880000,15274,中楼层(共18层) 2008年建板塔结合,36
高家庄赞城 3室2厅 97.7平米,东南,精装,1550000,1550000,15865,高楼层(共23层) 2014年建塔楼,189
佳兆业丽晶公馆 3室1厅 87.14平米,西,精装,1360000,1270000,14561,中楼层(共34层) 2016年建塔楼,66
七号花园 1室1厅 54平米,东南,精装,618000,620000,11445,中楼层(共7层) 板塔结合,63
华西花园一期 2室2厅 80.02平米,西南,精装,1060000,1040000,12972,中楼层(共6层) 2010年建板楼,512
龙湖弗莱明戈一期 3室2厅 81.44平米,南 北,精装,1150000,1150000,14121,中楼层(共32层) 2012年建塔楼,318
凯德卓锦万黛 2室1厅 75.99平米,东南,精装,1190000,1170000,15397,中楼层(共39层) 2015年建塔楼,21
北城首座 2室2厅 66.8平米,东,简装,726000,730000,10869,中楼层(共27层) 暂无数据,60
保利城二期 3室2厅 96.77平米,南 北,精装,1330000,1310000,13538,低楼层(共18层) 2014年建板楼,46
蓝光幸福满庭 3室2厅 82.6平米,东南,精装,1260000,1220000,14770,低楼层(共26层) 2015年建板塔结合,30
恒大天府半岛 3室2厅 94.46平米,西南,精装,1650000,1650000,17468,中楼层(共29层) 2017年建塔楼,3
中铁丽景书香 2室1厅 76平米,西南,精装,840000,820000,10790,低楼层(共23层) 2016年建板塔结合,181
洲际春天广场 3室1厅 71.61平米,东,精装,1042000,1050000,14549,低楼层(共38层) 2016年建板塔结合,265
万科海悦汇城东区 3室1厅 104.58平米,东,精装,1820000,1790000,17117,低楼层(共50层) 2014年建塔楼,83
恒大天府半岛二期 3室1厅 152.43平米,东,毛坯,2450000,2450000,16073,中楼层(共10层) 2017年建板楼,43
友谊苑(温江) 3室2厅 181.14平米,西南,简装,870000,860000,4748,高楼层(共5层) 板楼,42
空港十六区 3室2厅 121.23平米,东南 南,精装,1505000,1510000,12415,中楼层(共18层) 2009年建板塔结合,44
长城宜苑 1室1厅 49平米,东南,其他,630000,620000,12552,中楼层(共11层) 2000年建塔楼,32
雄飞新园紫郡 2室1厅 84.4平米,西北,精装,1560000,1560000,18484,高楼层(共16层) 2015年建板塔结合,61
幸福家园碧云天 2室1厅 85.82平米,南,精装,685000,670000,7761,中楼层(共26层) 2010年建塔楼,573
麓山国际茵特拉肯B区 5室2厅 305.43平米,南 北,毛坯,5382000,5340000,17477,低楼层(共27层) 2006年建板塔结合,244
金科东方雅郡一期 3室2厅 76.33平米,东南,精装,1120000,1100000,14412,中楼层(共32层) 2016年建板塔结合,9
蓝润光华春天B区 3室2厅 71.49平米,东,精装,985000,990000,13779,中楼层(共33层) 2017年建板塔结合,31
怡景城市花苑 2室1厅 53.81平米,东南,精装,600000,600000,11151,中楼层(共26层) 2013年建塔楼,3
抚琴西路南一巷2号 1室1厅 42.45平米,东南,其他,488000,490000,11496,中楼层(共7层) 1996年建板楼,29
摩玛城 2室1厅 86.81平米,东,简装,1750000,1720000,19814,低楼层(共34层) 2011年建板塔结合,47
隆兴嘉苑 2室1厅 59.4平米,东南,简装,710000,710000,11953,高楼层(共32层) 2012年建塔楼,30
枫丹铂麓 3室1厅 83.56平米,东南,毛坯,1430000,1400000,16755,高楼层(共33层) 2017年建板塔结合,26
同善街37号 3室2厅 79.7平米,南,其他,1158000,1140000,14292,低楼层(共7层) 板楼,14
天朗锦邸 2室1厅 70.58平米,东南,精装,1460000,1460000,20686,高楼层(共39层) 2015年建板楼,21
棕南正街8号 2室1厅 51.75平米,南 北,简装,780000,750000,14493,高楼层(共7层) 1998年建板楼,195
惠民苑(金牛) 3室2厅 89.52平米,东北,简装,1143000,1150000,12769,中楼层(共7层) 2000年建板楼,11
傲城 3室1厅 105.18平米,西南,精装,1580000,1540000,14610,低楼层(共31层) 2015年建塔楼,44
王府锦苑 3室1厅 106.1平米,南,简装,990000,990000,9331,低楼层(共6层) 2008年建板楼,375
万科金域西岭 2室1厅 90.84平米,东北,精装,1670000,1550000,17063,高楼层(共35层) 2012年建板塔结合,23
光华碧邻 1室1厅 51.71平米,西,其他,840000,840000,16245,高楼层(共20层) 2013年建塔楼,22
富力桃园B区 4室1厅 136平米,西南,其他,1518000,1520000,11162,高楼层(共32层) 2015年建板塔结合,37
粼江峰阁 4室2厅 169.88平米,西南,精装,3950000,3950000,23252,低楼层(共29层) 2006年建板塔结合,49
中海龙湾半岛 3室2厅 120.59平米,南,精装,2880000,2880000,23883,中楼层(共18层) 2009年建板楼,287
兴城融域 2室1厅 79.19平米,东,精装,966000,970000,12199,低楼层(共11层) 2009年建塔楼,89
俊发时光俊园 3室1厅 107.77平米,东 西,精装,2402000,2400000,22270,低楼层(共20层) 2014年建塔楼,44
鑫苑鑫都汇南区 3室2厅 75.43平米,东,其他,1666000,1670000,22087,中楼层(共26层) 板塔结合,34
开元国际 3室2厅 91.36平米,东北,精装,1155000,1150000,12566,中楼层(共18层) 2012年建板塔结合,358
长信公寓 1室1厅 43.87平米,南,简装,518000,520000,11808,中楼层(共7层) 1996年建板楼,252
会所花园 2室1厅 62.25平米,东南 西南,精装,850000,850000,13655,高楼层(共15层) 2002年建板楼,269
中国西部文化城 3室2厅 94平米,东南,毛坯,1128000,1110000,11809,中楼层(共17层) 2017年建板塔结合,174
尚林幸福城 3室2厅 78.43平米,南,简装,670000,670000,8543,中楼层(共18层) 板塔结合,24
橙郡三期 3室1厅 88.56平米,西南,精装,1320000,1320000,14906,低楼层(共17层) 2007年建板塔结合,15
世茂城三期 3室2厅 93.7平米,南,毛坯,1395000,1400000,14888,高楼层(共34层) 塔楼,305
佳年华广场一期 2室1厅 65平米,东南,精装,1250000,1220000,18770,低楼层(共32层) 2016年建塔楼,145
怡福社区 2室1厅 63.66平米,东南,简装,765000,760000,11939,中楼层(共7层) 2006年建板楼,49
鹭岛国际一二期 3室2厅 122.95平米,西,精装,2610000,2610000,21229,中楼层(共14层) 2006年建板楼,267
仁和世代春天 3室2厅 158.38平米,南 北,精装,3200000,3190000,20142,中楼层(共23层) 2005年建塔楼,223
溢阳绿城 3室2厅 127.04平米,南,简装,2360000,2360000,18577,中楼层(共6层) 2002年建板楼,7
南湖逸家二期 3室2厅 84平米,西,精装,1645000,1650000,19584,低楼层(共32层) 2017年建板塔结合,67
中铁丽景书香 3室1厅 89.8平米,南,精装,1080000,1070000,11916,中楼层(共33层) 2016年建板塔结合,33
山水四季城 4室1厅 147.29平米,东南,精装,1630000,1630000,11067,中楼层(共18层) 2015年建板塔结合,312
通瑞月光湖 3室2厅 131.24平米,南,毛坯,1700000,1660000,12634,高楼层(共25层) 塔楼,48
蓝光金双楠二期 3室2厅 72.57平米,东,其他,1280000,1260000,17363,低楼层(共24层) 板塔结合,12
锦天国际 2室2厅 74.16平米,南,简装,1400000,1400000,18879,中楼层(共32层) 2009年建板塔结合,15
好望角 1室0厅 41.98平米,东南,简装,360000,360000,8457,高楼层(共6层) 2002年建板楼,758
金牛花园 3室2厅 90.08平米,东南,其他,1150000,1150000,12767,高楼层(共17层) 2009年建板楼,5
鹤林小区 1室1厅 43.64平米,西,毛坯,390000,390000,8937,高楼层(共4层) 板塔结合,31
东立国际花城 3室1厅 94.8平米,东,精装,1148000,1150000,12110,中楼层(共13层) 2015年建板塔结合,195
布鲁汀 3室2厅 141.03平米,东,精装,1672000,1680000,11856,低楼层(共18层) 2008年建板楼,18
四季金悦 3室2厅 83.05平米,西,精装,1278000,1280000,15389,高楼层(共12层) 板塔结合,133
和信孔雀天成 2室1厅 80.75平米,东南,精装,1040000,1010000,12508,高楼层(共26层) 2015年建板塔结合,34
光荣北路79号 2室1厅 51.26平米,南 北,简装,600000,600000,11706,低楼层(共6层) 板楼,8
成电花园桃源苑 3室2厅 140.46平米,东南,精装,2400000,2400000,17087,中楼层(共11层) 2005年建板楼,15
江华路343号 2室1厅 73.77平米,南 北,简装,585000,590000,7931,高楼层(共7层) 板楼,19
城市家园 3室2厅 84.97平米,南,简装,900000,880000,10357,高楼层(共6层) 2005年建板楼,244
SG珊顿道 1室1厅 47.86平米,东,其他,1320000,1310000,27372,高楼层(共41层) 2016年建塔楼,22
佳利花园三期 1室1厅 54.25平米,西南,简装,720000,720000,13272,中楼层(共15层) 2010年建板塔结合,567
青房尚瑞天韵 2室2厅 88.22平米,东北,简装,1260000,1240000,14056,高楼层(共26层) 2009年建塔楼,16
青羊上街398号 2室1厅 74.61平米,东,简装,1450000,1450000,19435,中楼层(共7层) 板楼,135
抚琴西路199号 2室1厅 86.3平米,西南,精装,890000,890000,10313,高楼层(共7层) 1996年建塔楼,42
岷江华庭 3室2厅 109平米,东,精装,710000,690000,6265,中楼层(共7层) 板楼,13
府河音乐花园 4室2厅 217.26平米,西南,精装,3000000,3000000,13809,低楼层(共5层) 2001年建板塔结合,524
富力桃园B区 2室2厅 89.3平米,东南,精装,860000,860000,9631,低楼层(共32层) 2015年建板塔结合,193
华润二十四城五期 1室1厅 50.85平米,西南,其他,1090000,1090000,21436,高楼层(共17层) 2014年建塔楼,14
保利公园198蔷薇郡 3室2厅 105.37平米,东南,精装,1290000,1290000,12243,高楼层(共27层) 2012年建塔楼,4
长桂源 2室2厅 93.59平米,北,简装,1600000,1600000,17096,中楼层(共6层) 2004年建板楼,8
清溪雅筑 3室1厅 90.12平米,西,精装,1250000,1250000,13871,低楼层(共18层) 2012年建塔楼,87
青房尚瑞天韵 3室1厅 89.94平米,东南,简装,1180000,1180000,13120,低楼层(共26层) 2009年建塔楼,434
香颂岛 4室2厅 267.66平米,南,毛坯,5200000,4260000,15905,低楼层(共3层) 2006年建板塔结合,275
中铁骑士府邸 3室2厅 78.09平米,西北,毛坯,1300000,1290000,16520,低楼层(共32层) 2017年建板塔结合,212
蜀郡又一城 3室2厅 85平米,东南 西北,精装,1850000,1830000,21530,高楼层(共31层) 2014年建塔楼,42
阳光舜苑 3室2厅 94.85平米,东南,简装,1449000,1450000,15276,中楼层(共18层) 2011年建板塔结合,37
城南名著 3室2厅 99.02平米,东南,精装,1600000,1600000,16159,中楼层(共11层) 2007年建板楼,65
傲城 3室2厅 100.54平米,西北,精装,1460000,1460000,14522,中楼层(共31层) 2015年建板塔结合,18
府河音乐花园 车位,东,简装,30000,30000,2223,中楼层(共5层) 2010年建板塔结合,521
中冶田园世界 3室2厅 86.88平米,东南,毛坯,900000,900000,10360,低楼层(共30层) 2013年建板塔结合,9
东顺城南街51号 2室1厅 67.32平米,东,简装,1310000,1310000,19460,中楼层(共6层) 2000年建板楼,231
兰桥尚舍 4室2厅 208平米,南,精装,2998000,3060000,14712,低楼层(共5层) 2006年建板楼,165
中粮锦云 3室2厅 84.97平米,东南,简装,2200000,2150000,25304,中楼层(共33层) 2016年建板塔结合,62
我的大学 3室2厅 83.31平米,西北,毛坯,790000,800000,9492,高楼层(共27层) 板塔结合,331
洲际亚洲湾A区 2室2厅 67.83平米,东南,精装,920000,910000,13399,高楼层(共31层) 2016年建板塔结合,41
和裕印象 2室2厅 74.82平米,东南,毛坯,470000,440000,5855,中楼层(共25层) 暂无数据,7
东润理想居 2室2厅 77.47平米,西北,简装,1470000,1470000,18976,低楼层(共12层) 2004年建板塔结合,71
